cycle,state_abbrev,candidate_name,politician_id,wikidata_qid,match_status,match_score,wikidata_label,wikidata_description,state_local_quality_tier,prior_eligible_offices,undated_eligible_offices_review,wikipedia_fallback
2014,AK,Mark Begich,1526,Q454133,MATCHED,25,Mark Begich,United States Senator from Alaska from 2009 to 2015,1,"local:Mayor of Anchorage, Alaska[2003-07-01,2009-01-02] | federal:United States senator[2013-01-03,2015-01-03] | federal:United States senator[2009-01-03,2011-01-03] | federal:United States senator[2011-01-03,2013-01-03]",,
2014,AK,Dan Sullivan,4545,Q5218668,MATCHED,25,Dan Sullivan,United States Senator from Alaska,3,"statewide:Alaska Attorney General[2009-01-01,2010-01-01] | statewide:Assistant Secretary of State for Economic and Business Affairs[2006-01-01,2009-01-01]",,
2014,AR,Mark L. Pryor,1541,Q470755,MATCHED,9,Mark Pryor,American politician,3,"federal:United States senator[2013-01-03,2015-01-03] | federal:United States senator[2003-01-03,2005-01-03] | federal:United States senator[2007-01-03,2009-01-03] | federal:United States senator[2009-01-03,2011-01-03] | federal:United States senator[2005-01-03,2007-01-03] | state_legislative:member of the Arkansas House of Representatives[1991-01-01,1994-01-01] | federal:United States senator[2011-01-03,2013-01-03] | statewide:Attorney General of Arkansas[1999-01-12,2003-01-03]",state_legislative:member of the Arkansas House of Representatives,Mark Pryor | https://en.wikipedia.org/wiki/Mark_Pryor | tier3:attorney general:1991; tier2:house of representatives:1991; tier2:house of representatives:1990; tier3:attorney general:1998
2014,AR,Tom Cotton,3066,Q3090307,MATCHED,23,Tom Cotton,American politician and army officer (born 1977),0,,,Tom Cotton | https://en.wikipedia.org/wiki/Tom_Cotton | 
2014,CO,Mark Udall,1543,Q631195,MATCHED,23,Mark Udall,American politician,2,"federal:United States senator[2013-01-03,2015-01-03] | state_legislative:member of the Colorado House of Representatives[1996-01-01,1998-01-01] | federal:United States senator[2011-01-03,2013-01-03] | federal:United States senator[2009-01-03,2011-01-03]",,
2014,CO,Cory Gardner,2816,Q1135774,MATCHED,25,Cory Gardner,United States Senator from Colorado,2,"state_legislative:member of the Colorado House of Representatives[2005-01-01,2010-01-01]",,
2014,DE,Christopher A. Coons,1299,,NO_CONFIDENT_MATCH,6,,,0,,,NO_MATCH
2014,DE,Kevin Wade,4515,Q1740271,MATCHED,19,Kevin Wade,American screenwriter (born 1954),0,,,NO_MATCH
2014,GA,Mary Michelle Nunn,4488,,NO_CONFIDENT_MATCH,5,,,0,,,NO_MATCH
2014,GA,David A. Perdue,4489,Q17402717,MATCHED,11,David Perdue,"American politician, businessman, and diplomat (born 1949)",0,,,David Perdue | https://en.wikipedia.org/wiki/David_Perdue | 
2014,HI,Brian Schatz,2654,Q1827902,MATCHED,23,Brian Schatz,American educator and politician (born 1972),3,"federal:United States senator[2013-01-03,2015-01-03] | federal:United States senator[2012-12-26,2013-01-03] | statewide:Lieutenant Governor of Hawaii[2010-12-06,2012-12-26] | state_legislative:member of the Hawaii House of Representatives[1998-11-03,2006-11-07]",,
2014,HI,Cam Cavasso,505,,NO_CONFIDENT_MATCH,6,,,0,,,NO_MATCH
2014,IA,Bruce L. Braley,2736,Q966154,MATCHED,9,Bruce Braley,American politician (born 1957),0,,,Bruce Braley | https://en.wikipedia.org/wiki/Bruce_Braley | 
2014,IA,Joni K. Ernst,4518,Q13475242,MATCHED,11,Joni Ernst,American politician (born 1970),2,"state_legislative:member of the State Senate of Iowa[2011-01-01,2014-01-01]",,
2014,ID,Nels Mitchell,4483,,NO_CONFIDENT_MATCH,0,,,0,,,NO_MATCH
2014,ID,James E. Risch,2710,,NO_CONFIDENT_MATCH,4,,,0,,,NO_MATCH
2014,IL,Richard J. Durbin,1574,,NO_CONFIDENT_MATCH,6,,,0,,,NO_MATCH
2014,IL,James D. Oberweis,4526,,NO_CONFIDENT_MATCH,0,,,0,,,NO_MATCH
2014,KY,Alison Lundergan Grimes,4676,Q4727130,MATCHED,25,Alison Lundergan Grimes,American politician in Kentucky (born 1978),3,"statewide:Secretary of State of Kentucky[2012-01-02,2020-01-06]",,
2014,KY,Mitch McConnell,1585,Q355522,MATCHED,23,Mitch McConnell,American politician and lawyer (born 1942),3,"federal:United States senator[1991-01-03,1993-01-03] | federal:United States senator[2001-01-03,2003-01-03] | federal:United States senator[1989-01-03,1991-01-03] | federal:United States senator[2009-01-03,2011-01-03] | federal:United States senator[1987-01-03,1989-01-03] | federal:United States senator[2003-01-03,2005-01-03] | federal:United States senator[2013-01-03,2015-01-03] | federal:United States senator[2011-01-03,2013-01-03] | federal:United States senator[2005-01-03,2007-01-03] | federal:United States senator[2007-01-03,2009-01-03] | federal:United States senator[1985-01-03,1987-01-03] | federal:United States senator[1999-01-03,2001-01-03] | federal:United States senator[1995-01-03,1997-01-03] | federal:United States senator[1993-01-03,1995-01-03] | federal:United States senator[1997-01-03,1999-01-03] | statewide:United States Assistant Attorney General[1974-01-01,1975-01-01]",,
2014,MA,Edward J. Markey,2711,,NO_CONFIDENT_MATCH,6,,,0,,,NO_MATCH
2014,MA,Brian J. Herr,4672,,NO_CONFIDENT_MATCH,0,,,0,,,NO_MATCH
2014,ME,Shenna Bellows,4668,Q16215184,MATCHED,23,Shenna Bellows,American politician,3,,,Shenna Bellows | https://en.wikipedia.org/wiki/Shenna_Bellows | tier3:secretary of state:1975
2014,ME,Susan M. Collins,1602,Q52586016,MATCHED,19,Susan M. Collins,US scholar in the fields of Economy and Public Policy,3,,,Susan Collins | https://en.wikipedia.org/wiki/Susan_Collins | tier3:state treasurer:1993
2014,MI,Gary C. Peters,2948,Q1494930,MATCHED,9,Gary Peters,American politician and naval officer (born 1958),2,"state_legislative:member of the State Senate of Michigan[1995-01-01,2002-01-01]",,
2014,MI,Terri Lynn Land,4475,Q3518752,MATCHED,23,Terri Lynn Land,American politician,3,,,Terri Lynn Land | https://en.wikipedia.org/wiki/Terri_Lynn_Land | tier3:secretary of state:1958
2014,MN,Al Franken,1610,Q319084,MATCHED,23,Al Franken,American comedian and politician (born 1951),0,"federal:United States senator[2013-01-03,2015-01-03] | federal:United States senator[2009-07-07,2011-01-03] | federal:United States senator[2011-01-03,2013-01-03]",,Al Franken | https://en.wikipedia.org/wiki/Al_Franken | 
2014,MN,Mike McFadden,4506,Q16732583,MATCHED,19,Mike McFadden,"American businessman, philanthropist, and political candidate",0,,,NO_MATCH
2014,MS,Travis W. Childers,4695,Q452865,MATCHED,9,Travis Childers,American politician,0,,,Travis Childers | https://en.wikipedia.org/wiki/Travis_Childers | 
2014,MS,Thad Cochran,1626,Q723896,MATCHED,25,Thad Cochran,United States Senator from Mississippi (1937-2019),2,"federal:United States senator[1979-01-03,1981-01-03] | federal:United States senator[1989-01-03,1991-01-03] | federal:United States senator[1995-01-03,1997-01-03] | federal:United States senator[1983-01-03,1985-01-03] | federal:United States senator[2003-01-03,2005-01-03] | federal:United States senator[1997-01-03,1999-01-03] | federal:United States senator[2001-01-03,2003-01-03] | federal:United States senator[2005-01-03,2007-01-03] | federal:United States senator[2011-01-03,2013-01-03] | federal:United States senator[1993-01-03,1995-01-03] | federal:United States senator[1991-01-03,1993-01-03] | federal:United States senator[1985-01-03,1987-01-03] | federal:United States senator[1999-01-03,2001-01-03] | federal:United States senator[2013-01-03,2015-01-03] | federal:United States senator[1978-12-27,1979-01-03] | federal:United States senator[2007-01-03,2009-01-03] | federal:United States senator[1987-01-03,1989-01-03] | federal:United States senator[1981-01-03,1983-01-03] | federal:United States senator[2009-01-03,2011-01-03]",,Thad Cochran | https://en.wikipedia.org/wiki/Thad_Cochran | tier2:house of representatives:1973; tier2:house of representatives:1972
2014,MT,Amanda G. Curtis,6351,Q13562395,MATCHED,11,Amanda Curtis,Montana state legislator,2,,state_legislative:member of the Montana House of Representatives,Amanda Curtis | https://en.wikipedia.org/wiki/Amanda_Curtis | tier2:house of representatives:2013
2014,MT,Steve Daines,3105,Q3200900,MATCHED,23,Steve Daines,American politician and businessman (born 1962),3,,,Steve Daines | https://en.wikipedia.org/wiki/Steve_Daines | tier2:house of representatives:2013; tier3:lieutenant governor:2008
2014,NC,Kay R. Hagan,1636,Q261003,MATCHED,9,Kay Hagan,American politician (1953-2019),0,"federal:United States senator[2009-01-03,2011-01-03] | federal:United States senator[2013-01-03,2015-01-03] | federal:United States senator[2011-01-03,2013-01-03]",,Kay Hagan | https://en.wikipedia.org/wiki/Kay_Hagan | 
2014,NC,Thomas Roland Tillis,4539,,NO_CONFIDENT_MATCH,8,,,0,,,NO_MATCH
2014,NE,Dave Domina,4653,,NO_CONFIDENT_MATCH,6,,,0,,,NO_MATCH
2014,NE,Ben Sasse,4659,Q16192221,MATCHED,23,Ben Sasse,American politician and college president (born 1972),0,,,NO_MATCH
2014,NH,Jeanne Shaheen,1649,Q270316,MATCHED,25,Jeanne Shaheen,United States Senator from New Hampshire,2,"governor:Governor of New Hampshire[1997-01-09,2003-01-09] | federal:United States senator[2013-01-03,2015-01-03] | federal:United States senator[2009-01-03,2011-01-03] | federal:United States senator[2011-01-03,2013-01-03] | state_legislative:member of the State Senate of New Hampshire[1992-12-02,1996-12-04]",,
2014,NH,Scott Brown,976,Q155125,MATCHED,23,Scott Brown,American diplomat and politician (born 1959),2,"federal:United States senator[2010-02-04,2011-01-03] | state_legislative:member of the Massachusetts House of Representatives[1998-01-07,2004-03-25] | federal:United States senator[2011-01-03,2013-01-03] | state_legislative:member of the State Senate of Massachusetts[2004-03-25,2010-02-04]",,
2014,NJ,Cory A. Booker,2713,Q1135767,MATCHED,11,Cory Booker,American politician (born 1969),1,"local:Mayor of Newark, New Jersey[2006-07-01,2013-10-31] | federal:United States senator[2013-10-31,2015-01-03]",,
2014,NJ,Jeff Bell,4686,Q18021983,MATCHED,19,Jeff Bell,American businessman,0,,,NO_MATCH
2014,NM,Tom Udall,1662,Q957690,MATCHED,23,Tom Udall,American politician and diplomat (born 1948),3,"statewide:Attorney General of New Mexico[1991-01-01,1999-01-01] | federal:United States senator[2009-01-03,2011-01-03] | federal:United States senator[2011-01-03,2013-01-03] | federal:United States senator[2013-01-03,2015-01-03]",,
2014,NM,Allen E. Weh,4671,,NO_CONFIDENT_MATCH,5,,,0,,,NO_MATCH
2014,OK,Matt Silverstein,4648,Q19011727,MATCHED,19,Matt Silverstein,American screenwriter,0,,,NO_MATCH
2014,OK,James M. Inhofe,1663,,NO_CONFIDENT_MATCH,0,,,0,,,NO_MATCH
2014,OK,Constance N. Johnson,4642,Q5163568,MATCHED,23,Constance N. Johnson,American politician,2,,,Constance N. Johnson | https://en.wikipedia.org/wiki/Constance_N._Johnson | tier2:state senate:2005
2014,OK,James Lankford,2881,Q45940,MATCHED,23,James Lankford,American politician (born 1968),2,,,James Lankford | https://en.wikipedia.org/wiki/James_Lankford | tier2:house of representatives:2011
2014,OR,Jeff Merkley,1667,Q1368405,MATCHED,23,Jeff Merkley,American politician (born 1956),2,"federal:United States senator[2013-01-03,2015-01-03] | state_legislative:member of the Oregon House of Representatives[1999-01-01,2008-01-01] | federal:United States senator[2011-01-03,2013-01-03] | federal:United States senator[2009-01-03,2011-01-03]",,
2014,OR,Monica Wehby,4570,Q17026114,MATCHED,23,Monica Wehby,American physician and politician,0,,,Monica Wehby | https://en.wikipedia.org/wiki/Monica_Wehby | 
2014,RI,Jack Reed,1675,Q528979,MATCHED,23,Jack Reed,American politician (born 1949),0,"federal:United States senator[2007-01-03,2009-01-03] | federal:United States senator[1999-01-03,2001-01-03] | federal:United States senator[2009-01-03,2011-01-03] | federal:United States senator[2005-01-03,2007-01-03] | federal:United States senator[2011-01-03,2013-01-03] | federal:United States senator[2013-01-03,2015-01-03] | federal:United States senator[2001-01-03,2003-01-03] | federal:United States senator[1997-01-03,1999-01-03] | federal:United States senator[2003-01-03,2005-01-03]",,Jack Reed | https://en.wikipedia.org/wiki/Jack_Reed | 
2014,RI,Mark S. Zaccaria,4572,,NO_CONFIDENT_MATCH,0,,,0,,,NO_MATCH
2014,SC,Charles Bradley Hutto,4581,,NO_CONFIDENT_MATCH,0,,,0,,,NO_MATCH
2014,SC,Lindsey Graham,1680,Q22212,MATCHED,23,Lindsey Graham,American politician and attorney (1955–2026),2,"federal:United States senator[2003-01-03,2005-01-03] | state_legislative:member of the South Carolina House of Representatives[1992-01-01,1994-01-01] | federal:United States senator[2011-01-03,2013-01-03] | federal:United States senator[2007-01-03,2009-01-03] | federal:United States senator[2005-01-03,2007-01-03] | federal:United States senator[2009-01-03,2011-01-03] | federal:United States senator[2013-01-03,2015-01-03]",,
2014,SC,Joyce Dickerson,4579,Q18386001,MATCHED,23,Joyce Dickerson,American politician,0,,,Joyce Dickerson | https://en.wikipedia.org/wiki/Joyce_Dickerson | 
2014,SC,Tim Scott,2712,Q561315,MATCHED,25,Tim Scott,United States Senator from South Carolina since 2013,2,"federal:United States senator[2013-01-02,2013-01-03] | state_legislative:member of the South Carolina House of Representatives[2009-01-03,2011-01-03] | federal:United States senator[2013-01-03,2015-01-03]",,
2014,SD,Richard P. Weiland,4594,,NO_CONFIDENT_MATCH,6,,,0,,,NO_MATCH
2014,SD,M. Michael Rounds,4593,,NO_CONFIDENT_MATCH,6,,,0,,,NO_MATCH
2014,TN,William Gordon Ball,4612,Q2579712,MATCHED,9,William Lee Ball,American politician (1781-1824),0,,federal:Member of the United States House of Representatives from Virginia | state_legislative:member of the Virginia House of Delegates | state_legislative:member of the State Senate of Virginia,NO_MATCH
2014,TN,Lamar Alexander,167,Q419976,MATCHED,23,Lamar Alexander,American politician,0,"federal:United States senator[2011-01-03,2013-01-03] | federal:United States senator[2007-01-03,2009-01-03] | federal:United States senator[2013-01-03,2015-01-03] | federal:United States senator[2003-01-03,2005-01-03] | federal:United States senator[2005-01-03,2007-01-03] | federal:United States senator[2009-01-03,2011-01-03] | governor:Governor of Tennessee[1979-01-17,1987-01-17]",,NO_MATCH
2014,TX,David M. Alameel,4595,,NO_CONFIDENT_MATCH,5,,,0,,,NO_MATCH
2014,TX,John Cornyn,1699,Q719568,MATCHED,23,John Cornyn,American politician and attorney (born 1952),3,"federal:United States senator[2011-01-03,2013-01-03] | federal:United States senator[2009-01-03,2011-01-03] | federal:United States senator[2007-01-03,2009-01-03] | federal:United States senator[2005-01-03,2007-01-03] | statewide:Texas Attorney General[1999-01-13,2002-12-01] | federal:United States senator[2003-01-03,2005-01-03] | federal:United States senator[2013-01-03,2015-01-03] | federal:United States senator[2002-12-02,2003-01-03]",,
2014,VA,Mark R. Warner,67,Q453893,MATCHED,13,Mark Warner,United States Senator from Virginia,0,"federal:United States senator[2009-01-03,2011-01-03] | federal:United States senator[2011-01-03,2013-01-03] | governor:Governor of Virginia[2002-01-12,2006-01-14] | federal:United States senator[2013-01-03,2015-01-03]",,NO_MATCH
2014,VA,Ed W. Gillespie,4683,,NO_CONFIDENT_MATCH,5,,,0,,,NO_MATCH
2014,WV,Natalie E. Tennant,4627,Q6968251,MATCHED,9,Natalie Tennant,American politician,3,"statewide:Secretary of State of West Virginia[2009-01-19,2017-01-18]",,
2014,WV,Shelley Moore Capito,2708,Q459618,MATCHED,25,Shelley Moore Capito,United States Senator from West Virginia,2,"state_legislative:Member of the West Virginia House of Delegates[1996-12-01,2000-12-01]",,
2014,WY,Charlie Hardy,4633,Q5084986,MATCHED,19,Charlie Hardy,Australian rules footballer and coach,0,,,NO_MATCH
2014,WY,Michael B. Enzi,1712,,NO_CONFIDENT_MATCH,0,,,0,,,NO_MATCH
2018,AZ,Kyrsten Sinema,3067,Q1556541,MATCHED,23,Kyrsten Sinema,American politician (born 1976),2,"state_legislative:member of the Arizona House of Representatives[2005-01-10,2011-01-10] | state_legislative:member of the State Senate of Arizona[2011-01-10,2012-01-03]",,
2018,AZ,Martha McSally,3888,Q6774492,MATCHED,23,Martha McSally,American politician and military pilot (born 1966),2,,,Martha McSally | https://en.wikipedia.org/wiki/Martha_McSally | tier2:house of representatives:2012
2018,CT,Christopher S. Murphy,446,Q5112921,MATCHED,9,Christopher Murphy,British politician (born 1947),0,,,NO_MATCH
2018,CT,Matthew M. Corey,3430,,NO_CONFIDENT_MATCH,0,,,0,,,NO_MATCH
2018,DE,Thomas R. Carper,951,,NO_CONFIDENT_MATCH,5,,,0,,,NO_MATCH
2018,DE,Rob Arlett,9149,,NO_CONFIDENT_MATCH,0,,,0,,,NO_MATCH
2018,FL,Bill Nelson,953,Q358437,MATCHED,23,Bill Nelson,American politician and attorney (born 1942),3,"federal:United States senator[2005-01-03,2007-01-03] | federal:United States senator[2007-01-03,2009-01-03] | federal:United States senator[2001-01-03,2003-01-03] | federal:United States senator[2013-01-03,2015-01-03] | federal:United States senator[2017-01-03,2019-01-03] | federal:United States senator[2003-01-03,2005-01-03] | federal:United States senator[2011-01-03,2013-01-03] | state_legislative:member of the Florida House of Representatives[1972-01-01,1978-01-01] | federal:United States senator[2009-01-03,2011-01-03] | statewide:Florida State Treasurer/Insurance Commissioner/Fire Marshal[1995-01-03,2001-01-03] | federal:United States senator[2015-01-03,2017-01-03]",,
2018,FL,Rick Scott,6506,Q439729,MATCHED,25,Rick Scott,United States Senator from Florida since 2019,0,"governor:Governor of Florida[2011-01-04,2019-01-07]",,Rick Scott | https://en.wikipedia.org/wiki/Rick_Scott | 
2018,HI,Mazie K. Hirono,502,Q16476,MATCHED,9,Mazie Hirono,American lawyer and politician (born 1947),3,"state_legislative:member of the Hawaii House of Representatives[1981-01-03,1994-12-02] | statewide:Lieutenant Governor of Hawaii[1994-12-02,2002-12-02] | federal:United States senator[2017-01-03,2019-01-03] | federal:United States senator[2015-01-03,2017-01-03] | federal:United States senator[2013-01-03,2015-01-03]",,
2018,HI,Ronald C. Curtis,10927,,NO_CONFIDENT_MATCH,5,,,0,,,NO_MATCH
2018,IN,Joe Donnelly,547,Q1691395,MATCHED,23,Joe Donnelly,American politician,2,"federal:United States senator[2015-01-03,2017-01-03] | federal:United States senator[2017-01-03,2019-01-03] | federal:United States senator[2013-01-03,2015-01-03]",,Joe Donnelly | https://en.wikipedia.org/wiki/Joe_Donnelly | tier2:house of representatives:2007
2018,IN,Mike Braun,8549,Q42804470,MATCHED,23,Mike Braun,American businessman and politician (born 1954),2,"state_legislative:member of the Indiana House of Representatives[2014-11-05,2017-11-05]",,
2018,MA,Elizabeth Ann Warren,975,Q434706,MATCHED,11,Elizabeth Warren,American politician (born 1949),0,"federal:United States senator[2017-01-03,2019-01-03] | federal:United States senator[2015-01-03,2017-01-03] | federal:United States senator[2013-01-03,2015-01-03]",,NO_MATCH
2018,MA,Geoff Diehl,9150,Q5534116,MATCHED,23,Geoff Diehl,American politician,0,,state_legislative:member of the Massachusetts House of Representatives,NO_MATCH
2018,MD,Benjamin L. Cardin,981,,NO_CONFIDENT_MATCH,6,,,0,,,NO_MATCH
2018,MD,Tony Campbell,9207,Q60733896,MATCHED,23,Tony Campbell,politician,0,,,NO_MATCH
2018,ME,Angus S. King Jr.,1187,Q544464,MATCHED,11,Angus King,American politician and lawyer (born 1944),0,"federal:United States senator[2017-01-03,2019-01-03] | federal:United States senator[2013-01-03,2015-01-03] | governor:Governor of Maine[1995-01-05,2003-01-08] | federal:United States senator[2015-01-03,2017-01-03]",,NO_MATCH
2018,ME,Eric L. Brakey,8680,,NO_CONFIDENT_MATCH,0,,,0,,,NO_MATCH
2018,MI,Debbie Stabenow,984,Q241092,MATCHED,23,Debbie Stabenow,American politician (born 1950),2,"federal:United States senator[2003-01-03,2005-01-03] | federal:United States senator[2011-01-03,2013-01-03] | federal:United States senator[2009-01-03,2011-01-03] | federal:United States senator[2017-01-03,2019-01-03] | state_legislative:member of the Michigan House of Representatives[1979-01-01,1990-01-01] | state_legislative:member of the State Senate of Michigan[1991-01-12,1994-01-14] | federal:United States senator[2005-01-03,2007-01-03] | federal:United States senator[2001-01-03,2003-01-03] | federal:United States senator[2013-01-03,2015-01-03] | local:county commissioner[1975-01-01,1978-01-01] | federal:United States senator[2007-01-03,2009-01-03] | federal:United States senator[2015-01-03,2017-01-03]",,
2018,MI,John James,8689,Q11801728,MATCHED,23,John James,"English politician, born 1610",0,,,John James | https://en.wikipedia.org/wiki/John_James | 
2018,MN,Amy Klobuchar,992,Q22237,MATCHED,23,Amy Klobuchar,American politician and lawyer (born 1960),0,"federal:United States senator[2009-01-03,2011-01-03] | federal:United States senator[2011-01-03,2013-01-03] | federal:United States senator[2007-01-03,2009-01-03] | federal:United States senator[2013-01-03,2015-01-03] | federal:United States senator[2015-01-03,2017-01-03] | federal:United States senator[2017-01-03,2019-01-03]",,Amy Klobuchar | https://en.wikipedia.org/wiki/Amy_Klobuchar | 
2018,MN,Jim Newberger,9092,,NO_CONFIDENT_MATCH,0,,,2,,,Jim Newberger | https://en.wikipedia.org/wiki/Jim_Newberger | tier2:house of representatives:1964
2018,MN,Tina Smith,9090,Q18631509,MATCHED,25,Tina Smith,United States Senator from Minnesota,3,"statewide:Lieutenant Governor of Minnesota[2015-01-05,2018-01-02] | federal:United States senator[2018-01-03,2019-01-03]",,
2018,MN,Karin Housley,9091,Q16195595,MATCHED,23,Karin Housley,American politician,2,"state_legislative:member of the State Senate of Minnesota[2013-01-08,]",,
2018,MO,Claire McCaskill,997,Q22260,MATCHED,23,Claire McCaskill,American politician (born 1953),3,"federal:United States senator[2017-01-03,2019-01-03] | statewide:State Auditor of Missouri[1998-01-01,2006-01-01] | federal:United States senator[2015-01-03,2017-01-03] | federal:United States senator[2013-01-03,2015-01-03] | federal:United States senator[2011-01-03,2013-01-03] | state_legislative:member of the Missouri House of Representatives[1982-01-01,1988-01-01] | federal:United States senator[2007-01-03,2009-01-03] | federal:United States senator[2009-01-03,2011-01-03]",,
2018,MO,Josh Hawley,8690,Q23020745,MATCHED,23,Josh Hawley,American lawyer and politician (born 1979),3,,,Josh Hawley | https://en.wikipedia.org/wiki/Josh_Hawley | tier3:attorney general:2017
2018,MS,David Baria,8693,Q5231124,MATCHED,23,David Baria,American politician,2,,state_legislative:member of the Mississippi House of Representatives,David Baria | https://en.wikipedia.org/wiki/David_Baria | tier2:house of representatives:2012
2018,MS,Roger F. Wicker,1001,Q390491,MATCHED,9,Roger Wicker,American lawyer and politician (born 1951),2,"federal:United States senator[2011-01-03,2013-01-03] | federal:United States senator[2015-01-03,2017-01-03] | federal:United States senator[2007-12-31,2009-01-03] | federal:United States senator[2009-01-03,2011-01-03] | federal:United States senator[2017-01-03,2019-01-03] | federal:United States senator[2013-01-03,2015-01-03]",,Roger Wicker | https://en.wikipedia.org/wiki/Roger_Wicker | tier2:state senator:1988; tier2:state senate:1987; tier2:house of representatives:1994
2018,MT,Jon Tester,1002,Q529351,MATCHED,23,Jon Tester,American politician and farmer (born 1956),2,"federal:United States senator[2011-01-03,2013-01-03] | federal:United States senator[2009-01-03,2011-01-03] | federal:United States senator[2013-01-03,2015-01-03] | federal:United States senator[2015-01-03,2017-01-03] | federal:United States senator[2017-01-03,2019-01-03] | federal:United States senator[2007-01-03,2009-01-03] | state_legislative:member of the State Senate of Montana[1999-01-04,2007-01-03]",,
2018,MT,Matt Rosendale,3291,Q6791163,MATCHED,23,Matt Rosendale,American politician (born 1960),3,,state_legislative:member of the Montana House of Representatives | state_legislative:member of the Montana House of Representatives | state_legislative:member of the Montana House of Representatives | state_legislative:member of the Montana House of Representatives,Matt Rosendale | https://en.wikipedia.org/wiki/Matt_Rosendale | tier2:house of representatives:2011; tier3:state auditor:2016; tier2:house of representatives:2014
2018,ND,Heidi Heitkamp,1005,Q50597,MATCHED,25,Heidi Heitkamp,former United States Senator from North Dakota,3,"federal:United States senator[2017-01-03,2019-01-03] | statewide:North Dakota Attorney General[1992-12-15,2000-12-15] | federal:United States senator[2013-01-03,2015-01-03] | federal:United States senator[2015-01-03,2017-01-03]",,
2018,ND,Kevin Cramer,3110,Q3957020,MATCHED,23,Kevin Cramer,American politician (born 1961),0,,,Kevin Cramer | https://en.wikipedia.org/wiki/Kevin_Cramer | 
2018,NE,Jane Raybould,8552,Q52274495,MATCHED,23,Jane Raybould,politician,3,,,Jane Raybould | https://en.wikipedia.org/wiki/Jane_Raybould | tier1:county commissioner:2010; tier3:lieutenant governor:2014
2018,NE,Deb Fischer,1007,Q2580649,MATCHED,23,Deb Fischer,American politician (born 1951),2,"federal:United States senator[2017-01-03,2019-01-03] | state_legislative:member of the Nebraska House of Representatives[2005-01-01,2012-01-01] | federal:United States senator[2015-01-03,2017-01-03] | federal:United States senator[2013-01-03,2015-01-03]",,
2018,NJ,Bob Menendez,1012,Q888132,MATCHED,23,Bob Menendez,American lawyer and politician (born 1954),2,"federal:United States senator[2015-01-03,2017-01-03] | federal:United States senator[2013-01-03,2015-01-03] | state_legislative:Member of the State Senate of New Jersey[1991-03-04,1993-01-03] | federal:United States senator[2007-01-03,2009-01-03] | federal:United States senator[2017-01-03,2019-01-03] | federal:United States senator[2011-01-03,2013-01-03] | state_legislative:Member of the New Jersey General Assembly[1988-01-12,1991-03-04] | local:Mayor of Union City, New Jersey[1986-05-20,1992-11-15] | federal:United States senator[2009-01-03,2011-01-03] | federal:United States senator[2006-01-17,2007-01-03]",,
2018,NJ,Bob Hugin,8553,Q18390696,MATCHED,23,Bob Hugin,American businessman and politician,0,,,NO_MATCH
2018,NM,Martin Heinrich,707,Q565374,MATCHED,23,Martin Heinrich,American politician and businessman (born 1971),0,"federal:United States senator[2017-01-03,2019-01-03] | federal:United States senator[2015-01-03,2017-01-03] | federal:United States senator[2013-01-03,2015-01-03]",,NO_MATCH
2018,NM,Mick Rich,8556,Q55081031,MATCHED,19,Mick Rich,,0,,,NO_MATCH
2018,NV,Jacky S. Rosen,8322,Q27825033,MATCHED,9,Jacky Rosen,American politician (born 1957),0,,,NO_MATCH
2018,NV,Dean Heller,1021,Q251763,MATCHED,23,Dean Heller,American politician,3,"federal:United States senator[2017-01-03,2019-01-03] | federal:United States senator[2011-05-09,2013-01-03] | statewide:Secretary of State of Nevada[1995-01-01,2007-01-01] | federal:United States senator[2015-01-03,2017-01-03] | federal:United States senator[2013-01-03,2015-01-03]",,
2018,NY,Kirsten E. Gillibrand,748,Q22222,MATCHED,9,Kirsten Gillibrand,American politician (born 1966),0,"federal:United States senator[2013-01-03,2015-01-03] | federal:United States senator[2011-01-03,2013-01-03] | federal:United States senator[2009-01-26,2011-01-03] | federal:United States senator[2015-01-03,2017-01-03] | federal:United States senator[2017-01-03,2019-01-03]",,NO_MATCH
2018,NY,Chele Farley,8584,,NO_CONFIDENT_MATCH,0,,,0,,,NO_MATCH
2018,OH,Sherrod Brown,1025,Q381880,MATCHED,23,Sherrod Brown,American politician and educator (born 1952),3,"federal:United States senator[2013-01-03,2015-01-03] | federal:United States senator[2007-01-03,2009-01-03] | federal:United States senator[2011-01-03,2013-01-03] | federal:United States senator[2017-01-03,2019-01-03] | federal:United States senator[2009-01-03,2011-01-03] | statewide:Ohio Secretary of State[1983-01-12,1991-01-14] | federal:United States senator[2015-01-03,2017-01-03]",,
2018,OH,Jim Renacci,2964,Q976676,MATCHED,23,Jim Renacci,American politician,1,"local:Mayor of Wadsworth[2004-01-01,2008-01-01]",,
2018,PA,Robert P. Casey Jr.,1032,,NO_CONFIDENT_MATCH,6,,,0,,,NO_MATCH
2018,PA,Lou Barletta,2718,Q25568,MATCHED,23,Lou Barletta,American politician (born 1956),1,"local:city council[1998-01-01,2000-01-01]",,
2018,RI,Sheldon Whitehouse,1038,Q652066,MATCHED,23,Sheldon Whitehouse,American lawyer and politician (born 1955),3,"federal:United States senator[2015-01-03,2017-01-03] | statewide:Attorney General of Rhode Island[1999-01-02,2003-01-07] | federal:United States senator[2013-01-03,2015-01-03] | federal:United States senator[2017-01-03,2019-01-03] | federal:United States senator[2007-01-03,2009-01-03] | federal:United States senator[2009-01-03,2011-01-03] | federal:United States senator[2011-01-03,2013-01-03]",,
2018,RI,Bob Flanders,9190,,NO_CONFIDENT_MATCH,2,,,0,,,NO_MATCH
2018,TN,Phil Bredesen,8671,Q724001,MATCHED,25,Phil Bredesen,Governor of Tennessee from 2003 to 2011,1,"governor:Governor of Tennessee[2003-01-18,2011-01-15] | local:mayor of Nashville[1991-09-27,1999-09-24]",,
2018,TN,Marsha Blackburn,2729,Q458971,MATCHED,23,Marsha Blackburn,American businesswoman and politician (born 1952),2,"state_legislative:member of the State Senate of Tennessee[1999-01-12,2003-01-03]",,
2018,TX,Beto O'Rourke,3128,Q4014532,MATCHED,23,Beto O'Rourke,American politician (born 1972),2,,,Beto O'Rourke | https://en.wikipedia.org/wiki/Beto_O%27Rourke | tier1:city council:2005; tier2:house of representatives:2012
2018,TX,Ted Cruz,1052,Q2036942,MATCHED,23,Ted Cruz,American politician (born 1970),3,"federal:United States senator[2017-01-03,2019-01-03] | federal:United States senator[2015-01-03,2017-01-03] | federal:United States senator[2013-01-03,2015-01-03]",statewide:Associate Deputy Attorney General,Ted Cruz | https://en.wikipedia.org/wiki/Ted_Cruz | tier3:attorney general:2003
2018,UT,Jenny Wilson,8597,Q6179531,MATCHED,23,Jenny Wilson,American politician,0,,,NO_MATCH
2018,UT,Mitt Romney,9,Q4496,MATCHED,23,Mitt Romney,American politician and businessman (born 1947),0,"governor:Governor of Massachusetts[2003-01-02,2007-01-04]",,NO_MATCH
2018,VA,Timothy Michael Kaine,80,,NO_CONFIDENT_MATCH,6,,,0,,,NO_MATCH
2018,VA,Corey Stewart,8554,Q5170449,MATCHED,25,Corey Stewart,American politician in Virginia (born 1968),1,,,Corey Stewart | https://en.wikipedia.org/wiki/Corey_Stewart | tier1:board of supervisors:1968
2018,VT,Bernie Sanders,37,Q359442,MATCHED,25,Bernie Sanders,United States Senator from Vermont,1,"federal:United States senator[2015-01-03,2017-01-03] | local:Mayor of Burlington, Vermont[1981-04-06,1989-04-04] | federal:United States senator[2007-01-03,2009-01-03] | federal:United States senator[2011-01-03,2013-01-03] | federal:United States senator[2013-01-03,2015-01-03] | federal:United States senator[2017-01-03,2019-01-03] | federal:United States senator[2009-01-03,2011-01-03]",,
2018,VT,Lawrence Zupan,9595,Q111337197,MATCHED,25,Lawrence Zupan,Vermont politician,0,,,NO_MATCH
2018,WA,Maria Cantwell,1066,Q22250,MATCHED,23,Maria Cantwell,American politician and businesswoman (born 1958),2,"state_legislative:member of the Washington House of Representatives[1987-01-12,1993-01-11] | federal:United States senator[2007-01-03,2009-01-03] | federal:United States senator[2001-01-03,2003-01-03] | federal:United States senator[2011-01-03,2013-01-03] | federal:United States senator[2013-01-03,2015-01-03] | federal:United States senator[2009-01-03,2011-01-03] | federal:United States senator[2003-01-03,2005-01-03] | federal:United States senator[2017-01-03,2019-01-03] | federal:United States senator[2015-01-03,2017-01-03] | federal:United States senator[2005-01-03,2007-01-03]",,
2018,WA,Susan Hutchison,9106,,NO_CONFIDENT_MATCH,0,,,0,,,NO_MATCH
2018,WI,Tammy Baldwin,1067,Q40628,MATCHED,23,Tammy Baldwin,American lawyer and politician (born 1962),2,"state_legislative:member of the Wisconsin State Assembly[1993-01-03,1999-01-03] | federal:United States senator[2013-01-03,2015-01-03] | federal:United States senator[2017-01-03,2019-01-03] | local:Dane County Commissioner[1986-01-01,1994-01-01] | federal:United States senator[2015-01-03,2017-01-03]",,
2018,WI,Leah Vukmir,9105,Q6509264,MATCHED,23,Leah Vukmir,American nurse and politician,0,,state_legislative:member of the Wisconsin State Assembly | state_legislative:member of the State Senate of Wisconsin,NO_MATCH
2018,WV,"Joe Manchin, III",925,Q538868,MATCHED,23,Joe Manchin,American politician and businessman (born 1947),3,"federal:United States senator[2013-01-03,2015-01-03] | federal:United States senator[2015-01-03,2017-01-03] | federal:United States senator[2011-01-03,2013-01-03] | federal:United States senator[2010-11-15,2011-01-03] | state_legislative:Member of the West Virginia House of Delegates[1982-12-01,1986-12-01] | governor:Governor of West Virginia[2005-01-17,2010-11-15] | state_legislative:member of the State Senate of West Virginia[1986-12-01,1996-12-01] | statewide:Secretary of State of West Virginia[2001-01-15,2005-01-17] | federal:United States senator[2017-01-03,2019-01-03]",,
2018,WV,Patrick Morrisey,6828,Q7147254,MATCHED,23,Patrick Morrisey,American politician and lawyer (born 1967),3,"statewide:West Virginia Attorney General[2013-01-14,2025-01-12]",,
2018,WY,Gary Trauner,6432,Q5526069,MATCHED,23,Gary Trauner,American politician and businessman,0,,,NO_MATCH
2018,WY,John Barrasso,1069,Q720521,MATCHED,23,John Barrasso,American physician and politician (born 1952),2,"federal:United States senator[2015-01-03,2017-01-03] | federal:United States senator[2009-01-03,2011-01-03] | federal:United States senator[2011-01-03,2013-01-03] | federal:United States senator[2013-01-03,2015-01-03] | state_legislative:member of the State Senate of Wyoming[2003-01-03,2007-06-22] | federal:United States senator[2017-01-03,2019-01-03] | federal:United States senator[2007-06-22,2009-01-03]",,
2022,AL,Will Boyd,16112,Q114245432,MATCHED,21,Will Boyd,American democrat from Alabama,0,,,NO_MATCH
2022,AL,Katie Britt,18466,Q111285444,MATCHED,25,Katie Britt,United States Senator from Alabama since 2023,0,,,NO_MATCH
2022,AR,Natalie James,18465,Q115196114,MATCHED,23,Natalie James,American politician,0,,,NO_MATCH
2022,AR,John Boozman,376,Q1344707,MATCHED,23,John Boozman,American politician and optometrist (born 1950),0,"federal:United States senator[2017-01-03,2019-01-03] | federal:United States senator[2021-01-03,2023-01-03] | federal:United States senator[2015-01-03,2017-01-03] | federal:United States senator[2013-01-03,2015-01-03] | federal:United States senator[2019-01-03,2021-01-03] | federal:United States senator[2011-01-03,2013-01-03]",,John Boozman | https://en.wikipedia.org/wiki/John_Boozman | 
2022,AZ,Mark Kelly,9705,Q357510,MATCHED,23,Mark Kelly,"American politician, astronaut, and naval officer (born 1964)",0,"federal:United States senator[2020-12-02,2021-01-03] | federal:United States senator[2021-01-03,2023-01-03]",,Mark Kelly | https://en.wikipedia.org/wiki/Mark_Kelly | 
2022,AZ,Blake Masters,17695,Q4924430,MATCHED,19,Blake Masters,"American screenwriter, director, producer",0,,,Blake Masters | https://en.wikipedia.org/wiki/Blake_Masters | 
2022,CA,Alex Padilla,17803,Q4717593,MATCHED,25,Alex Padilla,United States Senator from California since 2021,3,"local:President of the Los Angeles City Council[2001-07-04,2006-01-01] | statewide:Secretary of State of California[2015-01-05,2021-01-18] | federal:United States senator[2021-01-20,2023-01-03] | state_legislative:member of the State Senate of California[2006-12-04,2014-11-30]",,
2022,CA,Mark P. Meuser,17867,,NO_CONFIDENT_MATCH,0,,,0,,,NO_MATCH
2022,CO,Michael Bennet,429,Q554792,MATCHED,25,Michael Bennet,United States Senator from Colorado since 2009 (born 1964),0,"federal:United States senator[2019-01-03,2021-01-03] | federal:United States senator[2017-01-03,2019-01-03] | federal:United States senator[2009-01-21,2011-01-03] | federal:United States senator[2021-01-03,2023-01-03] | federal:United States senator[2013-01-03,2015-01-03] | federal:United States senator[2015-01-03,2017-01-03] | federal:United States senator[2011-01-03,2013-01-03]",,Michael Bennet | https://en.wikipedia.org/wiki/Michael_Bennet | 
2022,CO,Joe O'Dea,18627,Q114323979,MATCHED,25,Joe O'Dea,Joe O'Dea is a business owner and politician in Colorado,0,,,NO_MATCH
2022,CT,Richard Blumenthal,447,Q2023708,MATCHED,25,Richard Blumenthal,United States Senator from Connecticut since 2011,3,"state_legislative:member of the State Senate of Connecticut[1987-01-01,1990-01-01] | federal:United States senator[2021-01-03,2023-01-03] | statewide:Connecticut Attorney General[1991-01-01,2010-01-01] | federal:United States senator[2011-01-03,2013-01-03] | federal:United States senator[2013-01-03,2015-01-03] | federal:United States senator[2019-01-03,2021-01-03] | federal:United States senator[2017-01-03,2019-01-03] | federal:United States senator[2015-01-03,2017-01-03] | state_legislative:Member of the Connecticut House of Representatives[1984-01-01,1987-01-01]",,
2022,CT,Leora R. Levy,18449,,NO_CONFIDENT_MATCH,5,,,0,,,NO_MATCH
2022,FL,Val Demings,4735,Q7909083,MATCHED,25,Val Demings,American politician in Florida (born 1957),0,,,Val Demings | https://en.wikipedia.org/wiki/Val_Demings | 
2022,FL,Marco Rubio,481,Q324546,MATCHED,19,Marco Rubio,72nd United States Secretary of State since 2025,2,"federal:United States senator[2011-01-03,2013-01-03] | federal:United States senator[2013-01-03,2015-01-03] | state_legislative:member of the Florida House of Representatives[2000-01-25,2008-11-18] | federal:United States senator[2017-01-03,2019-01-03] | federal:United States senator[2015-01-03,2017-01-03] | federal:United States senator[2021-01-03,2023-01-03] | federal:United States senator[2019-01-03,2021-01-03] | state_legislative:Speaker of the Florida House of Representatives[2006-11-21,2008-11-18]",,
2022,GA,Raphael Warnock,10220,Q84146599,MATCHED,23,Raphael Warnock,American pastor and politician (born 1969),0,"federal:United States senator[2021-01-20,2023-01-03]",,Raphael Warnock | https://en.wikipedia.org/wiki/Raphael_Warnock | 
2022,GA,Herschel Junior Walker,11490,,NO_CONFIDENT_MATCH,7,,,0,,,Herschel Walker | https://en.wikipedia.org/wiki/Herschel_Walker | 
2022,HI,Brian Schatz,2654,Q1827902,MATCHED,23,Brian Schatz,American educator and politician (born 1972),3,"federal:United States senator[2013-01-03,2015-01-03] | federal:United States senator[2012-12-26,2013-01-03] | federal:United States senator[2019-01-03,2021-01-03] | statewide:Lieutenant Governor of Hawaii[2010-12-06,2012-12-26] | federal:United States senator[2017-01-03,2019-01-03] | federal:United States senator[2015-01-03,2017-01-03] | federal:United States senator[2021-01-03,2023-01-03] | state_legislative:member of the Hawaii House of Representatives[1998-11-03,2006-11-07]",,
2022,HI,Bob McDermott,14961,Q16195204,MATCHED,23,Bob McDermott,American politician,0,,state_legislative:member of the Hawaii House of Representatives,NO_MATCH
2022,IA,Michael Franken,18383,Q133068947,MATCHED,19,Michael Franken,programmer and head of Zilverline,0,,,NO_MATCH
2022,IA,Chuck Grassley,517,Q529294,MATCHED,25,Chuck Grassley,United States Senator from Iowa since 1981,2,"federal:United States senator[1985-01-03,1987-01-03] | federal:United States senator[1989-01-03,1991-01-03] | federal:United States senator[2011-01-03,2013-01-03] | federal:United States senator[2013-01-03,2015-01-03] | state_legislative:member of the Iowa House of Representatives[1959-01-12,1975-01-03] | federal:United States senator[2015-01-03,2017-01-03] | federal:United States senator[2009-01-03,2011-01-03] | federal:United States senator[2001-01-03,2003-01-03] | federal:United States senator[1997-01-03,1999-01-03] | federal:United States senator[1999-01-03,2001-01-03] | federal:United States senator[2019-01-03,2021-01-03] | federal:United States senator[1987-01-03,1989-01-03] | federal:United States senator[1993-01-03,1995-01-03] | federal:United States senator[1991-01-03,1993-01-03] | federal:United States senator[1983-01-03,1985-01-03] | federal:United States senator[2005-01-03,2007-01-03] | federal:United States senator[2007-01-03,2009-01-03] | federal:United States senator[2021-01-03,2023-01-03] | federal:United States senator[2017-01-03,2019-01-03] | federal:United States senator[2003-01-03,2005-01-03] | federal:United States senator[1995-01-03,1997-01-03] | federal:United States senator[1981-01-03,1983-01-03]",,
2022,ID,David Roth,17997,Q115208810,MATCHED,25,David Roth,Idaho politician,0,,,NO_MATCH
2022,ID,Mike Crapo,525,Q734319,MATCHED,25,Mike Crapo,American politician and Senator of Idaho since 1999,2,"federal:United States senator[2005-01-03,2007-01-03] | federal:United States senator[2009-01-03,2011-01-03] | federal:United States senator[2013-01-03,2015-01-03] | federal:United States senator[2001-01-03,2003-01-03] | federal:United States senator[2021-01-03,2023-01-03] | federal:United States senator[2015-01-03,2017-01-03] | federal:United States senator[2017-01-03,2019-01-03] | state_legislative:member of the State Senate of Idaho[1984-12-01,1992-12-01] | federal:United States senator[2003-01-03,2005-01-03] | federal:United States senator[2011-01-03,2013-01-03] | federal:United States senator[1999-01-03,2001-01-03] | federal:United States senator[2007-01-03,2009-01-03] | federal:United States senator[2019-01-03,2021-01-03]",,
2022,IL,Tammy Duckworth,3090,Q3036410,MATCHED,23,Tammy Duckworth,American politician and military officer (born 1968),0,"federal:United States senator[2021-01-03,2023-01-03] | federal:United States senator[2019-01-03,2021-01-03] | federal:United States senator[2017-01-03,2019-01-03]",,NO_MATCH
2022,IL,Kathy Salvi,18619,Q113291059,MATCHED,23,Kathy Salvi,American politician,0,,,NO_MATCH
2022,IN,Thomas McDermott,18027,Q140376108,MATCHED,23,Thomas McDermott,American attorney and politician,0,,,NO_MATCH
2022,IN,Todd Young,3050,Q25483,MATCHED,25,Todd Young,United States Senator from Indiana,0,"federal:United States senator[2021-01-03,2023-01-03] | federal:United States senator[2017-01-03,2019-01-03] | federal:United States senator[2019-01-03,2021-01-03]",,Todd Young | https://en.wikipedia.org/wiki/Todd_Young | 
2022,KS,Mark R. Holland,18040,Q88684189,MATCHED,17,Mark R Holland,radiologist,0,,,NO_MATCH
2022,KS,Jerry Moran,566,Q1365787,MATCHED,25,Jerry Moran,United States Senator from Kansas,3,"state_legislative:member of the State Senate of Kansas[1989-01-01,1997-01-01] | statewide:Kansas Attorney General[1982-01-01,1985-01-01] | federal:United States senator[2011-01-03,2013-01-03] | federal:United States senator[2017-01-03,2019-01-03] | federal:United States senator[2013-01-03,2015-01-03] | federal:United States senator[2015-01-03,2017-01-03] | federal:United States senator[2019-01-03,2021-01-03] | federal:United States senator[2021-01-03,2023-01-03]",,
2022,KY,Charles Booker,10283,Q24004614,MATCHED,23,Charles Booker,Australian politician,2,"state_legislative:Member of the Queensland Legislative Assembly[1912-04-27,1918-03-16] | state_legislative:Member of the Queensland Legislative Assembly[1909-10-02,1912-04-27]",,
2022,KY,Rand Paul,30,Q463557,MATCHED,25,Rand Paul,United States Senator from Kentucky since 2011,0,"federal:United States senator[2015-01-03,2017-01-03] | federal:United States senator[2013-01-03,2015-01-03] | federal:United States senator[2017-01-03,2019-01-03] | federal:United States senator[2019-01-03,2021-01-03] | federal:United States senator[2011-01-03,2013-01-03] | federal:United States senator[2021-01-03,2023-01-03]",,Rand Paul | https://en.wikipedia.org/wiki/Rand_Paul | 
2022,MD,Chris Van Hollen,3028,Q1077819,MATCHED,25,Chris Van Hollen,United States Senator from Maryland,2,"federal:United States senator[2021-01-03,2023-01-03] | state_legislative:member of the Maryland House of Delegates[1990-01-01,1994-01-01] | state_legislative:member of the State Senate of Maryland[1994-01-01,2002-01-01] | federal:United States senator[2019-01-03,2021-01-03] | federal:United States senator[2017-01-03,2019-01-03]",,
2022,MD,Chris Chaffee,4264,,NO_CONFIDENT_MATCH,0,,,0,,,NO_MATCH
2022,MO,Trudy Busch Valentine,18422,Q114713262,MATCHED,23,Trudy Busch Valentine,American politician,0,,,NO_MATCH
2022,MO,Eric Schmitt,13297,Q5387455,MATCHED,23,Eric Schmitt,American politician and lawyer (born 1975),3,"state_legislative:member of the State Senate of Missouri[2009-01-07,2017-01-04] | statewide:Missouri State Treasurer[2017-01-09,2019-01-03] | statewide:Missouri Attorney General[2019-01-03,2023-01-03]",,
2022,NC,Cheri Beasley,17724,Q5091905,MATCHED,19,Cheri Beasley,"American judge, Senate candidate (2022)",0,,,NO_MATCH
2022,NC,Ted Budd,8570,Q27733792,MATCHED,25,Ted Budd,United States Senator from North Carolina since 2023,0,,,Ted Budd | https://en.wikipedia.org/wiki/Ted_Budd | 
2022,ND,Katrina Christiansen,18197,Q130234579,MATCHED,25,Katrina Christiansen,American politician from North Dakota,0,,,NO_MATCH
2022,ND,John Hoeven,669,Q374762,MATCHED,23,John Hoeven,American banker and politician (born 1957),0,"federal:United States senator[2015-01-03,2017-01-03] | governor:Governor of North Dakota[2000-12-15,2010-12-07] | federal:United States senator[2017-01-03,2019-01-03] | federal:United States senator[2021-01-03,2023-01-03] | federal:United States senator[2019-01-03,2021-01-03] | federal:United States senator[2013-01-03,2015-01-03] | federal:United States senator[2011-01-03,2013-01-03]",,John Hoeven | https://en.wikipedia.org/wiki/John_Hoeven | 
2022,NH,Maggie Hassan,6712,Q24053,MATCHED,23,Maggie Hassan,American politician (born 1958),2,"governor:Governor of New Hampshire[2013-01-03,2017-01-02] | federal:United States senator[2019-01-03,2021-01-03] | federal:United States senator[2017-01-03,2019-01-03] | federal:United States senator[2021-01-03,2023-01-03] | state_legislative:member of the State Senate of New Hampshire[2004-12-01,2010-12-01]",,
2022,NH,Donald C. Bolduc,9712,Q63126446,MATCHED,19,Donald C. Bolduc,United States Army general,0,,,NO_MATCH
2022,NV,Catherine Cortez Masto,6829,Q5052604,MATCHED,23,Catherine Cortez Masto,American lawyer and politician (born 1964),3,"federal:United States senator[2021-01-03,2023-01-03] | federal:United States senator[2019-01-03,2021-01-03] | statewide:Nevada Attorney General[2007-01-01,2015-01-01] | federal:United States senator[2017-01-03,2019-01-03]",,
2022,NV,Adam Paul Laxalt,6830,Q18739734,MATCHED,13,Adam Laxalt,33rd Attorney General of Nevada from 2015 to 2019,0,,statewide:Nevada Attorney General,NO_MATCH
2022,NY,Charles E. Schumer,744,,NO_CONFIDENT_MATCH,6,,,0,,,NO_MATCH
2022,NY,Joe Pinion,18148,Q111248925,MATCHED,25,Joe Pinion,New York politician and former television host,0,,,NO_MATCH
2022,OH,Tim Ryan,2984,Q513960,MATCHED,23,Tim Ryan,American politician,2,"state_legislative:member of the State Senate of Ohio[2000-01-01,2002-01-01]",,
2022,OH,JD Vance,13265,Q28935729,MATCHED,19,JD Vance,Vice President of the United States since 2025,0,,,NO_MATCH
2022,OK,Kendra Horn,8968,Q58323559,MATCHED,25,Kendra Horn,U.S. representative from Oklahoma,0,,,NO_MATCH
2022,OK,Markwayne Mullin,3122,Q3448772,MATCHED,23,Markwayne Mullin,American politician (born 1977),0,,,Markwayne Mullin | https://en.wikipedia.org/wiki/Markwayne_Mullin | 
2022,OK,Madison Horn,18705,,NO_CONFIDENT_MATCH,0,,,0,,,NO_MATCH
2022,OK,James Lankford,2881,Q45940,MATCHED,23,James Lankford,American politician (born 1968),2,"federal:United States senator[2021-01-03,2023-01-03] | federal:United States senator[2019-01-03,2021-01-03] | federal:United States senator[2015-01-03,2017-01-03] | federal:United States senator[2017-01-03,2019-01-03]",,James Lankford | https://en.wikipedia.org/wiki/James_Lankford | tier2:house of representatives:2011
2022,OR,Ron Wyden,788,Q529344,MATCHED,23,Ron Wyden,American politician and educator (born 1949),0,"federal:United States senator[2021-01-03,2023-01-03] | federal:United States senator[1997-01-03,1999-01-03] | federal:United States senator[2001-01-03,2003-01-03] | federal:United States senator[2009-01-03,2011-01-03] | federal:United States senator[2019-01-03,2021-01-03] | federal:United States senator[2017-01-03,2019-01-03] | federal:United States senator[1996-02-06,1997-01-03] | federal:United States senator[2011-01-03,2013-01-03] | federal:United States senator[2013-01-03,2015-01-03] | federal:United States senator[1999-01-03,2001-01-03] | federal:United States senator[2005-01-03,2007-01-03] | federal:United States senator[2007-01-03,2009-01-03] | federal:United States senator[2015-01-03,2017-01-03] | federal:United States senator[2003-01-03,2005-01-03]",,Ron Wyden | https://en.wikipedia.org/wiki/Ron_Wyden | 
2022,OR,Jo Rae Perkins,4569,Q94977715,MATCHED,19,Jo Rae Perkins,American Republican party political candidate and QAnon supporter,0,,,Jo Rae Perkins | https://en.wikipedia.org/wiki/Jo_Rae_Perkins | 
2022,PA,John Fetterman,8074,Q3181500,MATCHED,23,John Fetterman,American politician (born 1969),3,"statewide:Lieutenant Governor of Pennsylvania[2019-01-15,2023-01-03]",,
2022,PA,Mehmet Oz,17731,,NO_CONFIDENT_MATCH,2,,,0,,,Mehmet Oz | https://en.wikipedia.org/wiki/Mehmet_Oz | 
2022,SC,Krystle Matthews,18263,Q96065881,MATCHED,23,Krystle Matthews,American politician,2,"state_legislative:member of the South Carolina House of Representatives[2018-11-12,2022-11-14]",,
2022,SC,Tim Scott,2712,Q561315,MATCHED,25,Tim Scott,United States Senator from South Carolina since 2013,2,"federal:United States senator[2013-01-02,2013-01-03] | state_legislative:member of the South Carolina House of Representatives[2009-01-03,2011-01-03] | federal:United States senator[2015-01-03,2017-01-03] | federal:United States senator[2013-01-03,2015-01-03] | federal:United States senator[2021-01-03,2023-01-03] | federal:United States senator[2017-01-03,2019-01-03] | federal:United States senator[2019-01-03,2021-01-03]",,
2022,SD,Brian L. Bengs,18275,Q113548135,MATCHED,9,Brian Bengs,American politician,0,,,NO_MATCH
2022,SD,John R. Thune,22,Q462981,MATCHED,11,John Thune,American politician (born 1961),0,"federal:United States senator[2021-01-03,2023-01-03] | federal:United States senator[2009-01-03,2011-01-03] | federal:United States senator[2011-01-03,2013-01-03] | federal:United States senator[2005-01-03,2007-01-03] | federal:United States senator[2019-01-03,2021-01-03] | federal:United States senator[2013-01-03,2015-01-03] | federal:United States senator[2015-01-03,2017-01-03] | federal:United States senator[2017-01-03,2019-01-03] | federal:United States senator[2007-01-03,2009-01-03]",,John Thune | https://en.wikipedia.org/wiki/John_Thune | 
2022,VT,Peter Welch,3038,Q1112656,MATCHED,25,Peter Welch,United States Senator from Vermont since 2023,2,"state_legislative:member of the State Senate of Vermont[1981-01-01,1989-01-01] | state_legislative:member of the State Senate of Vermont[2002-01-01,1989-01-01] | state_legislative:member of the State Senate of Vermont[1981-01-01,2007-01-01] | state_legislative:member of the State Senate of Vermont[2002-01-01,2007-01-01]",,
2022,VT,Gerald Malloy,18827,Q5549370,MATCHED,23,Gerald Malloy,American politician (born 1961),2,"state_legislative:member of the State Senate of South Carolina[2002-11-05,]",,
2022,WA,Patty Murray,907,Q258825,MATCHED,25,Patty Murray,United States Senator from Washington since 2013,2,"federal:United States senator[2021-01-03,2023-01-03] | federal:United States senator[2009-01-03,2011-01-03] | federal:United States senator[2017-01-03,2019-01-03] | federal:United States senator[1995-01-03,1997-01-03] | federal:United States senator[2003-01-03,2005-01-03] | federal:United States senator[1993-01-03,1995-01-03] | state_legislative:member of the Washington State Senate[1989-01-09,1993-01-11] | federal:United States senator[2015-01-03,2017-01-03] | federal:United States senator[2005-01-03,2007-01-03] | federal:United States senator[2011-01-03,2013-01-03] | federal:United States senator[1997-01-03,1999-01-03] | federal:United States senator[1999-01-03,2001-01-03] | federal:United States senator[2007-01-03,2009-01-03] | federal:United States senator[2013-01-03,2015-01-03] | federal:United States senator[2019-01-03,2021-01-03] | federal:United States senator[2001-01-03,2003-01-03]",,
2022,WA,Tiffany Smiley,14330,,NO_CONFIDENT_MATCH,0,,,0,,,NO_MATCH
2022,WI,Mandela Barnes,17690,Q6747952,MATCHED,23,Mandela Barnes,American politician (born 1986),3,"state_legislative:member of the Wisconsin State Assembly[2013-01-07,2017-01-03] | statewide:Lieutenant Governor of Wisconsin[2019-01-07,2023-01-03]",,
2022,WI,Ron Johnson,919,Q7363984,MATCHED,23,Ron Johnson,Ontario politician,3,,,Ron Johnson | https://en.wikipedia.org/wiki/Ron_Johnson | tier3:lieutenant governor:2016
