"RECORD_ID","PROJECT_ERA","UNLOCK_TYPE","CONTENT_EN","TECH_GATE","CIVIC_GATE","GATE_MODE","SOURCE","SOURCE_UNLOCK","DECISION","REASON","NOTES"
"EN001","Enlightenment","CITY_BUILDING","Public School","Scientific Theory","The Enlightenment","TECH+CIVIC","Civ5 BNW + project synthesis","Scientific Theory","CROSS_GATE","Scientific theory supplies the intellectual basis; public schooling is also an institutional Enlightenment/state project","Requires University"
"EN002","Enlightenment","YIELD_UPGRADE","Lumber Mill +1 Production","Scientific Theory","","TECH","Civ5 BNW","Scientific Theory","KEEP","Direct Civ5 effect and plausible improvement through systematic forestry/mechanics",""
"EN003","Enlightenment","YIELD_UPGRADE","Academy Science upgrade","Scientific Theory","","TECH","Civ5 BNW","Great Scientist improvement","KEEP","Academy now exists as a Worker-built improvement, so the Civ5 Scientific Theory improvement upgrade can be retained in nerfed form","Exact additional Science later"
"EN004","Enlightenment","WONDER","Oxford University","Scientific Theory","","TECH","Civ6 GS","Scientific Theory","DEFER_WONDER","World/National Wonder audit separate",""
"EN005","Enlightenment","YIELD_UPGRADE","Plantation +1 Food","Scientific Theory","","TECH","Civ6 GS","Scientific Theory","REMAP_TECH","Agricultural yield improvement fits later Fertilizer better than general scientific theory","Re-evaluate at Fertilizer"
"EN006","Enlightenment","DIPLOMACY","Research Agreement","Education","Scholasticism","TECH+CIVIC","Civ6 Scientific Theory remap; prior project rule","Scientific Theory / Education","MOVE_TO_TECH","Already established at Education + Scholasticism; Scientific Revolution later boosts it","Avoid duplicate unlock"
"EN007","Enlightenment","SYSTEM","Applied Ballistics","Ballistics","","TECH","Civ5/Civ6 adaptation","Ballistics","KEEP","Formal projectile science improves existing gunpowder artillery rather than inventing another redundant unit","Exact combat modifier later"
"EN008","Enlightenment","YIELD_UPGRADE","Field Gun accuracy/range upgrade","Ballistics","","TECH","Civ6 Field Cannon + project chronology","Field Cannon","ADAPT","Field Gun already unlocked at Fortification; Ballistics becomes its scientific upgrade","Do not duplicate Field Gun unlock"
"EN009","Enlightenment","UNIT","Field Cannon","Fortification","","TECH","Civ6 Ballistics remap; EE Fortification","Ballistics / Fortification","MOVE_TO_TECH","Adopted Enlightenment Era already places Field Gun at Fortification",""
"EN010","Enlightenment","UNIT","Machine Gun","Ballistics","","TECH","Civ5 BNW","Ballistics","REMAP_TECH","Machine gun is far too late for 18C Enlightenment Ballistics","Re-evaluate in Modern/Atomic weapon progression"
"EN011","Enlightenment","UNIT","Anti-Aircraft Gun","Ballistics","","TECH","Civ5 BNW","Ballistics","REMAP_TECH","Anti-aircraft weaponry requires aviation-era context","Re-evaluate at Advanced Ballistics/Radar"
"EN012","Enlightenment","UNIT","Cuirassier","Military Science","","TECH","Civ6 Ballistics remap","Ballistics","MOVE_TO_TECH","Cuirassier is an organizational/cavalry-development step, not fundamentally a projectile-science outcome","Military Science is stronger fit"
"EN013","Enlightenment","UNIT","Cavalry","Military Science","Military Training","TECH+CIVIC","Civ5 BNW; Civ6 GS","Military Science","CROSS_GATE","Both source games place Cavalry here; organized military institution is retained as civic side","Upgrades Lancer/Cuirassier line"
"EN014","Enlightenment","UNIT","Cuirassier","Military Science","Military Training","TECH+CIVIC","Civ6 Ballistics remap","Ballistics","CROSS_GATE","Heavy cavalry organization fits Military Science better than Ballistics","Potential intermediate between Lancer and Cavalry; final unit roster decides whether both survive"
"EN015","Enlightenment","CITY_BUILDING","Military Academy","Military Science","Military Training","TECH+CIVIC","Civ5 BNW; Civ6 GS","Military Science","CROSS_GATE","Both source games agree; project removes Encampment dependency","Requires Armory"
"EN016","Enlightenment","UNIT","Line Infantry","Flintlock","","TECH","Civ6 Military Science remap; EE Flintlock","Military Science / Flintlock","MOVE_TO_TECH","Adopted Enlightenment Era already owns mature flintlock infantry at Flintlock","Avoid duplicate"
"EN017","Enlightenment","UNIT","Medic","Sanitation","","TECH","Civ6 GS remap","Military Science / Sanitation","REMAP_TECH","Medical support belongs with health/sanitation rather than military science","Re-evaluate Industrial Sanitation"
"EN018","Enlightenment","WONDER","Brandenburg Gate","Military Science","","TECH","Civ5 BNW","Military Science","DEFER_WONDER","World Wonder audit separate",""
"EN019","Enlightenment","CITY_BUILDING","Stock Exchange","Economics","","TECH","Civ6 GS; project financial chain","Economics","KEEP","Direct Civ6 unlock and natural post-Bank financial institution","Requires Bank"
"EN020","Enlightenment","CITY_BUILDING","Customs Office","Economics","Mercantilism","TECH+CIVIC","Historical/project adaptation","Customs House institution","ADAPT_CITY","Rename the city institution to Customs Office so the restored Civ5 Customs House name remains available for the tile improvement","Requires Seaport or active international trade; exact Gold/trade effect later"
"EN021","Enlightenment","TILE_IMPROVEMENT","Customs House","Economics","Mercantilism","TECH+CIVIC","Civ5 BNW","Great Merchant improvement","ADAPT_TILE","Former Great Merchant improvement is restored as a nerfed Worker-buildable Gold/trade tile improvement","No Great Merchant consumption; exact yields and placement restrictions later"
"EN022","Enlightenment","CITY_BUILDING","Windmill","Machinery","","TECH","Civ5 BNW remap","Economics","MOVE_TO_TECH","Windmills predate academic Economics by centuries and belong with machinery","Cross-era reconciliation: add to Machinery building roster"
"EN023","Enlightenment","YIELD_UPGRADE","Camp +1 Gold","Economics","","TECH","Civ5 BNW","Economics","DROP","Weak functional relation and already rejected similar Mercantilism camp bonuses",""
"EN024","Enlightenment","YIELD_UPGRADE","Trading Post +1 Gold","Economics","","NONE","Civ5 BNW","Economics","DROP","Generic Trading Post spam is not part of BNW-style project baseline",""
"EN025","Enlightenment","WONDER","Big Ben","Economics","","TECH","Civ6 GS","Economics","DEFER_WONDER","Wonder audit separate",""
"EN026","Enlightenment","CITY_BUILDING","Chemical Laboratory","Chemistry","","TECH","Civ6 Research Lab adapted; historical addition","Chemistry / Research Lab","ADAPT_CITY","Civ6 Research Lab is too modern for the project's 18C Chemistry; an earlier chemical laboratory is the historically appropriate institutional stage","Requires University or Apothecary; exact prerequisite finalized in building tree"
"EN027","Enlightenment","YIELD_UPGRADE","Mine +1 Production","Chemistry","","TECH","Civ5 BNW","Chemistry","KEEP","Civ5 effect reflects improved material processing and extraction knowledge",""
"EN028","Enlightenment","YIELD_UPGRADE","Quarry +1 Production","Chemistry","","TECH","Civ5 BNW","Chemistry","KEEP","Civ5 effect retained; chemical/material processing plausibly improves extraction",""
"EN029","Enlightenment","YIELD_UPGRADE","Manufactory Production upgrade","Chemistry","","TECH","Civ5 BNW","Great Engineer improvement","KEEP","Manufactory now exists as a Worker-built improvement, so Chemistry can retain a later production upgrade","Exact additional Production later"
"EN030","Enlightenment","UNIT","Cannon","Metal Casting","","TECH","Civ5 Chemistry remap; project chronology","Chemistry","MOVE_TO_TECH","Project already has Bombard at Metal Casting and Field Gun later; avoid redundant Cannon tier","Final siege-unit roster decides naming"
"EN031","Enlightenment","CITY_BUILDING","Research Lab","Chemistry","","TECH","Civ6 GS","Chemistry","REMAP_TECH","Modern powered research laboratory is too late for project 18C Chemistry","Re-evaluate in Industrial/Modern science-building chain"
"EN032","Enlightenment","UNIT","AT Crew","Chemistry","","TECH","Civ6 GS","Chemistry","REMAP_TECH","Anti-tank weapons are anachronistic in Enlightenment","Re-evaluate Modern Combined Arms"
"EN033","Enlightenment","CORPORATION_SECTOR","Chemicals & Industrial Materials corporations","Chemistry","Capitalism","TECH+CIVIC","Project corporation map","CHEMICALS_MATERIALS","KEEP","Existing corporation founding gate imported unchanged","Actual founding waits for Capitalism"
"EN034","Enlightenment","CORPORATION_SECTOR","Cosmetics & Personal Care corporations","Chemistry","Capitalism","TECH+CIVIC","Project corporation map","COSMETICS_PERSONAL_CARE","KEEP","Existing corporation founding gate imported unchanged",""
"EN035","Enlightenment","CITY_BUILDING","Cloth Mill","Manufacturing","Guilds","TECH+CIVIC","Pouakai Enlightenment Era","Manufacturing","CROSS_GATE","Adopted mod supplies Cloth Mill; textile manufacture also depends on mature craft/guild organization","Exact yield bonuses later"
"EN036","Enlightenment","RESOURCE_REVEAL","Coal","Manufacturing","","TECH","Pouakai Enlightenment Era","Manufacturing","KEEP","The adopted mod reveals Coal here and the project's Manufacturing node is explicitly a precursor to Industrialization","Extraction uses Mine"
"EN037","Enlightenment","RESOURCE_EXPLOITATION","Coal mining","Mining","","TECH","Project resource logic","Mine","KEEP","Once Coal is revealed, existing Mine improvement extracts it",""
"EN038","Enlightenment","TILE_IMPROVEMENT","Manufactory","Manufacturing","","TECH","Pouakai Enlightenment Era","Manufacturing +2 Production to Manufactories","ADAPT_TILE","Former Great Engineer improvement is restored as a nerfed Worker-buildable Production tile improvement","Manufacturing unlocks Manufactory; no Great Engineer consumption; exact base yield later"
"EN039","Enlightenment","SYSTEM","Proto-industrial Manufacturing","Manufacturing","Guilds","TECH+CIVIC","Pouakai EE + historical adaptation","Manufacturing","KEEP","Connects workshops/cloth production to later Industrialization without prematurely creating Factory",""
"EN040","Enlightenment","WONDER","Manufacturing-linked wonders","","","NONE","Pouakai EE","Manufacturing","DEFER_WONDER","Wonder audit separate",""
"EC001","Enlightenment","POLICY","Rationalism","","The Enlightenment","CIVIC","Civ6 GS","The Enlightenment","ADAPT","Convert Campus/district thresholds into Library/University/Public School/Research Lab city-building thresholds","Exact multiplier later"
"EC002","Enlightenment","POLICY","Free Market","","The Enlightenment","CIVIC","Civ6 GS","The Enlightenment","ADAPT","Convert Commercial Hub adjacency/population conditions into Market/Bank/Stock Exchange city-building conditions",""
"EC003","Enlightenment","POLICY","Liberalism","","The Enlightenment","CIVIC","Civ6 GS","The Enlightenment","ADAPT","Replace specialty-district count with developed-city institutional/building threshold","Amenity effect retained conceptually"
"EC004","Enlightenment","CITY_BUILDING","Public School","Scientific Theory","The Enlightenment","TECH+CIVIC","Civ5 Scientific Theory + project synthesis","Scientific Theory","CROSS_GATE","Mass public schooling is institutional as well as scientific","Requires University"
"EC005","Enlightenment","SYSTEM","Reduced Religious Tourism pressure","","The Enlightenment","CIVIC","Civ6 GS","The Enlightenment","KEEP","Retain Civ6 idea that Enlightenment ideas reduce foreign religious-tourism influence","Exact half-value can be balanced later"
"EC006","Enlightenment","POLICY","Grand Opera","","Opera and Ballet","CIVIC","Civ6 GS","Opera and Ballet","ADAPT","Convert Theater Square conditions into Opera House/Museum cultural-building output",""
"EC007","Enlightenment","POLICY","Symphonies","","Opera and Ballet","CIVIC","Civ6 GS","Opera and Ballet","ADAPT","Great Musician generation boost should apply to Musicians' Guild and later Broadcast Center",""
"EC008","Enlightenment","SYSTEM","Opera/Ballet cultural institution upgrade","Acoustics","Opera and Ballet","TECH+CIVIC","Civ6 GS + project synthesis","Opera and Ballet","KEEP","Acoustics provided venues; this civic represents mature performance institutions and repertoire",""
"EC009","Enlightenment","WONDER","Bolshoi Theatre","","Opera and Ballet","CIVIC","Civ6 GS","Opera and Ballet","DEFER_WONDER","Wonder audit separate",""
"EC010","Enlightenment","RESOURCE_REVEAL","Antiquity Sites","","Natural History","CIVIC","Civ6 GS","Natural History","KEEP","Direct Civ6 system and fits historical antiquarian science",""
"EC011","Enlightenment","UNIT","Archaeologist","","Natural History","CIVIC","Civ6 GS","Natural History","KEEP","Direct Civ6 civilian-unit unlock","Requires Archaeological Museum"
"EC012","Enlightenment","CITY_BUILDING","Archaeological Museum","","Natural History","CIVIC","Civ6 GS; Renaissance deferral","Humanism / Natural History","KEEP","Moved from Humanism in prior audit; artifact science belongs here","Mutually exclusive with Art Museum if that Civ6 choice is retained"
"EC013","Enlightenment","CITY_BUILDING","Zoo","","Natural History","CIVIC","Civ6 GS; Civ5 Printing remap","Natural History / Printing Press","KEEP","Natural-history collections/public zoology fit here much better than Printing",""
"EC014","Enlightenment","SYSTEM","Artifact excavation and museum display","","Natural History","CIVIC","Civ6 GS","Natural History","KEEP","Archaeologist extracts Artifacts for museums","Archaeologist extracts Artifacts or can preserve an Antiquity Site as an archaeological Historic Landmark; generic Worker-built Landmark already unlocks at Humanism"
"EC015","Enlightenment","SYSTEM","Envoys +2","","Natural History","CIVIC","Civ6 GS","Natural History","KEEP","Direct Civ6 civic reward",""
"EC016","Enlightenment","WONDER","Hermitage / Smithsonian-style institutions","","Natural History","CIVIC","Civ6 GS; Pouakai EE","Natural History","DEFER_WONDER","Wonder audit separate",""
"EC017","Enlightenment","CITY_BUILDING","Museum","","Natural History","CIVIC","Pouakai Enlightenment Era","Natural History","MERGE","Generic EE Museum is merged into the project's Art Museum / Archaeological Museum split rather than added as a third duplicate museum",""
"EC018","Enlightenment","SYSTEM","Constitutional Government","","Constitutionalism","CIVIC","Project historical civic","Constitutionalism","KEEP","Represents rule constrained by an explicit constitutional framework","Does not force one specific regime form"
"EC019","Enlightenment","POLICY","Separation of Powers","","Constitutionalism","CIVIC","Historical/project addition","Constitutionalism","KEEP","Separation of Powers is retained as a Constitutionalism policy; exact government-efficiency/stability modifier is numerical balance","Qualitative policy locked"
"EC020","Enlightenment","POLICY","Bill of Rights","","Constitutionalism","CIVIC","Historical/project addition","Constitutionalism","KEEP","Bill of Rights retained as the rights/legitimacy policy of Constitutionalism","Exact Amenity/loyalty/stability effect later"
"EC021","Enlightenment","GOVERNMENT","Constitutional Monarchy / Constitutional Republic variants","","Constitutionalism","CIVIC","Project candidate","Constitutionalism","DROP","Do not add separate Constitutional Monarchy/Republic government entries; Constitutionalism modifies existing Monarchy/Republic-style governments","Constitutional Government remains the civic system"
"EC022","Enlightenment","CITY_BUILDING","Newspaper Office","Printing","Public Sphere","TECH+CIVIC","Historical/project addition","Public Sphere","KEEP","Print technology plus open public discourse produces a durable news/public-opinion institution","Upgrades the print-culture chain without waiting for electronic Mass Media"
"EC023","Enlightenment","SYSTEM","Public Debate / Public Opinion","","Public Sphere","CIVIC","Historical/project addition","Public Sphere","KEEP","Core civic identity","Feeds later Mass Media and constitutional politics"
"EC024","Enlightenment","POLICY","Pamphleteering","","Public Sphere","CIVIC","Print Culture carry-forward","Print Culture","KEEP","Pamphleteering retained as a Public Sphere political-communication policy","Final owner: Public Sphere; exact Culture/diplomacy/religion interaction later"
"EC025","Enlightenment","POLICY","Coffeehouse Debate","","Public Sphere","CIVIC","Historical/project addition","Public Sphere","KEEP","Coffeehouse Debate retained as a Public Sphere knowledge-exchange policy rather than a universal building","Science/Culture/Great Person interaction; exact value later"
"EC026","Enlightenment","DIPLOMACY","Public diplomatic opinion effects","","Public Sphere","CIVIC","Project adaptation","Public Sphere","DEFER_SYSTEM","War legitimacy/reputation could interact with public opinion, but exact diplomacy mechanic later",""
