"POLICY_EN","PROJECT_ERA","CIVIC_EN","DECISION","SOURCE_KIND","SOURCE","SOURCE_UNLOCK","QUALITATIVE_EFFECT","ADAPTATION_NOTES","NUMERIC_STATUS","SOURCE_FILE","RECORD_ID","POLICY_SLOT","FINAL_EFFECT"
"Discipline","Ancient","Code of Laws","KEEP","CIV6","Civ6 GS","Code of Laws","Direct Civ6 Code of Laws policy set retained","Discipline; God King; Survey; Urban Planning; exact numeric effects later","LOCKED_V1","tech_reference/ancient_tech_civic_unlock_audit_v2.csv","C003","Military","+5 Combat Strength against Barbarians"
"God King","Ancient","Code of Laws","KEEP","CIV6","Civ6 GS","Code of Laws","Direct Civ6 Code of Laws policy set retained","Discipline; God King; Survey; Urban Planning; exact numeric effects later","LOCKED_V1","tech_reference/ancient_tech_civic_unlock_audit_v2.csv","C003","Economic","+1 Faith and +1 Gold in the Capital"
"Survey","Ancient","Code of Laws","KEEP","CIV6","Civ6 GS","Code of Laws","Direct Civ6 Code of Laws policy set retained","Discipline; God King; Survey; Urban Planning; exact numeric effects later","LOCKED_V1","tech_reference/ancient_tech_civic_unlock_audit_v2.csv","C003","Military","Recon units gain +100% experience"
"Urban Planning","Ancient","Code of Laws","KEEP","CIV6","Civ6 GS","Code of Laws","Direct Civ6 Code of Laws policy set retained","Discipline; God King; Survey; Urban Planning; exact numeric effects later","LOCKED_V1","tech_reference/ancient_tech_civic_unlock_audit_v2.csv","C003","Economic","+1 Production in every city"
"Agoge","Ancient","Craftsmanship","KEEP","CIV6","Civ6 GS","Craftsmanship","Direct Civ6 Craftsmanship policies retained","Ilkum; Agoge; convert Builder references to Worker where needed","LOCKED_V1","tech_reference/ancient_tech_civic_unlock_audit_v2.csv","C005","Military","+50% Production toward Ancient and Classical melee, ranged, and anti-cavalry units"
"Ilkum","Ancient","Craftsmanship","KEEP","CIV6","Civ6 GS","Craftsmanship","Direct Civ6 Craftsmanship policies retained","Ilkum; Agoge; convert Builder references to Worker where needed","LOCKED_V1","tech_reference/ancient_tech_civic_unlock_audit_v2.csv","C005","Economic","+30% Production toward Workers"
"Colonization","Ancient","Early Empire","KEEP","CIV6","Civ6 GS","Early Empire","Direct Civ6 Early Empire expansion/border policies retained","Colonization; Land Surveyors; Limitanei","LOCKED_V1","tech_reference/ancient_tech_civic_unlock_audit_v2.csv","C020","Economic","+50% Production toward Settlers"
"Land Surveyors","Ancient","Early Empire","KEEP","CIV6","Civ6 GS","Early Empire","Direct Civ6 Early Empire expansion/border policies retained","Colonization; Land Surveyors; Limitanei","LOCKED_V1","tech_reference/ancient_tech_civic_unlock_audit_v2.csv","C020","Economic","Tile purchase cost -20%"
"Limitanei","Ancient","Early Empire","KEEP","CIV6","Civ6 GS","Early Empire","Direct Civ6 Early Empire expansion/border policies retained","Colonization; Land Surveyors; Limitanei","LOCKED_V1","tech_reference/ancient_tech_civic_unlock_audit_v2.csv","C020","Military","Garrisoned cities suffer 25% less occupation/unrest pressure"
"Caravansaries","Ancient","Foreign Trade","KEEP","CIV6","Civ6 GS","Foreign Trade","Direct Civ6 Foreign Trade policies retained","Caravansaries; Maritime Industries; exact values later","LOCKED_V1","tech_reference/ancient_tech_civic_unlock_audit_v2.csv","C009","Economic","+2 Gold from every Trade Route"
"Maritime Industries","Ancient","Foreign Trade","KEEP","CIV6","Civ6 GS","Foreign Trade","Direct Civ6 Foreign Trade policies retained","Caravansaries; Maritime Industries; exact values later","LOCKED_V1","tech_reference/ancient_tech_civic_unlock_audit_v2.csv","C009","Military","+100% Production toward Ancient and Classical naval units"
"Maneuver","Ancient","Military Tradition","KEEP","CIV6","Civ6 GS","Military Tradition","Direct Civ6 Military Tradition policies retained","Maneuver; Strategos","LOCKED_V1","tech_reference/ancient_tech_civic_unlock_audit_v2.csv","C014","Military","+50% Production toward Ancient and Classical light and heavy cavalry units"
"Strategos","Ancient","Military Tradition","KEEP","CIV6","Civ6 GS","Military Tradition","Direct Civ6 Military Tradition policies retained","Maneuver; Strategos","LOCKED_V1","tech_reference/ancient_tech_civic_unlock_audit_v2.csv","C014","Wildcard","+2 Great General Points per turn"
"Inspiration","Ancient","Mysticism","KEEP","CIV6","Civ6 GS","Mysticism","Direct Civ6 Mysticism Great Person policies retained","Inspiration; Revelation","LOCKED_V1","tech_reference/ancient_tech_civic_unlock_audit_v2.csv","C025","Wildcard","+2 Great Scientist Points per turn"
"Revelation","Ancient","Mysticism","KEEP","CIV6","Civ6 GS","Mysticism","Direct Civ6 Mysticism Great Person policies retained","Inspiration; Revelation","LOCKED_V1","tech_reference/ancient_tech_civic_unlock_audit_v2.csv","C025","Wildcard","+2 Great Prophet Points per turn"
"Conscription","Ancient","State Workforce","KEEP","CIV6","Civ6 GS","State Workforce","Direct Civ6 State Workforce policies retained","Corvée; Conscription","LOCKED_V1","tech_reference/ancient_tech_civic_unlock_audit_v2.csv","C016","Military","Unit maintenance -1 Gold per unit per turn"
"Corvée","Ancient","State Workforce","KEEP","CIV6","Civ6 GS","State Workforce","Direct Civ6 State Workforce policies retained","Corvée; Conscription","LOCKED_V1","tech_reference/ancient_tech_civic_unlock_audit_v2.csv","C016","Economic","+15% Production toward Ancient and Classical Wonders"
"Literary Tradition","Classical","Drama and Poetry","KEEP","CIV6","Civ6 GS","Drama and Poetry","Direct Civ6 Drama and Poetry policy retained","Literary Tradition","LOCKED_V1","tech_reference/classical_tech_civic_unlock_audit_v1.csv","CC019","Wildcard","+2 Great Writer Points per turn"
"Insulae","Classical","Games and Recreation","ADAPT","CIV6","Civ6 GS","Games and Recreation","Retain Civ6 Insulae as an urban-housing policy but remove district dependence","Apply Housing benefit to sufficiently developed cities; exact threshold/value later","LOCKED_V1","tech_reference/classical_tech_civic_unlock_audit_v1.csv","CC003","Economic","+1 Housing in cities with at least 2 institutional building chains"
"Equestrian Orders","Classical","Military Training","ADAPT","CIV6","Civ6 GS","Military Training","Retain Civ6 Military Training policies; convert Encampment/Harbor district references to direct military/naval city buildings","Raid; Veterancy; Equestrian Orders","LOCKED_V1","tech_reference/classical_tech_civic_unlock_audit_v1.csv","CC023","Military","Each improved Horses and Iron source yields +1 strategic resource per turn"
"Raid","Classical","Military Training","ADAPT","CIV6","Civ6 GS","Military Training","Retain Civ6 Military Training policies; convert Encampment/Harbor district references to direct military/naval city buildings","Raid; Veterancy; Equestrian Orders","LOCKED_V1","tech_reference/classical_tech_civic_unlock_audit_v1.csv","CC023","Military","Pillage and coastal-raid yields +50%"
"Veterancy","Classical","Military Training","ADAPT","CIV6","Civ6 GS","Military Training","Retain Civ6 Military Training policies; convert Encampment/Harbor district references to direct military/naval city buildings","Raid; Veterancy; Equestrian Orders","LOCKED_V1","tech_reference/classical_tech_civic_unlock_audit_v1.csv","CC023","Military","+30% Production toward Barracks, Armory, Military Academy, Harbor, Lighthouse, and Seaport"
"Charismatic Leader","Classical","Political Philosophy","KEEP","CIV6","Civ6 GS","Political Philosophy","Direct Civ6 Political Philosophy diplomatic policies retained","Charismatic Leader; Diplomatic League","LOCKED_V1","tech_reference/classical_tech_civic_unlock_audit_v1.csv","CC010","Diplomatic","+2 Influence points per turn toward earning Envoys"
"Diplomatic League","Classical","Political Philosophy","KEEP","CIV6","Civ6 GS","Political Philosophy","Direct Civ6 Political Philosophy diplomatic policies retained","Charismatic Leader; Diplomatic League","LOCKED_V1","tech_reference/classical_tech_civic_unlock_audit_v1.csv","CC010","Diplomatic","The first Envoy sent to each city-state counts as 2 Envoys"
"Natural Philosophy","Classical","Recorded History","ADAPT","CIV6","Civ6 GS","Recorded History","Natural Philosophy retained with Campus adjacency translated to science buildings; Praetorium is excluded because baseline Governors are not adopted","Praetorium dropped","LOCKED_V1","tech_reference/classical_tech_civic_unlock_audit_v1.csv","CC027","Economic","Library and University each provide +1 Science"
"Meritocracy","Late Antiquity","Civil Service","ADAPT","CIV6","Civ6 GS","Civil Service","Retain Civ6 Meritocracy but replace specialty-district count with developed-city institutional/building count","Exact Culture formula later","LOCKED_V1","tech_reference/late_antiquity_tech_civic_unlock_audit_v1.csv","LC019","Economic","+1 Culture per distinct institutional building chain in a city, maximum +4 Culture per city"
"Retainers","Late Antiquity","Civil Service","KEEP","CIV6","Civ6 GS","Civil Service","Direct Civ6 Civil Service garrison/amenity policy retained","Retainers; exact effect later","LOCKED_V1","tech_reference/late_antiquity_tech_civic_unlock_audit_v1.csv","LC020","Military","+1 Amenity in cities with a garrisoned unit"
"Bastions","Late Antiquity","Defensive Tactics","KEEP","CIV6","Civ6 GS","Defensive Tactics","Direct Civ6 Defensive Tactics defensive policy retained","Bastions; exact combat modifier later","LOCKED_V1","tech_reference/late_antiquity_tech_civic_unlock_audit_v1.csv","LC001","Military","+6 City Defense Strength and +5 City Ranged Strength"
"Limes","Late Antiquity","Defensive Tactics","KEEP","CIV6","Civ6 GS","Defensive Tactics","Direct Civ6 Defensive Tactics wall-production policy retained","Limes; exact production modifier later","LOCKED_V1","tech_reference/late_antiquity_tech_civic_unlock_audit_v1.csv","LC002","Military","+100% Production toward defensive buildings"
"Naval Infrastructure","Late Antiquity","Naval Tradition","ADAPT","CIV6","Civ6 GS","Naval Tradition","Direct Civ6 Naval Tradition policy retained; Harbor district adjacency translated to Harbor/Lighthouse/Seaport and port-city output","Naval Infrastructure","LOCKED_V1","tech_reference/late_antiquity_tech_civic_unlock_audit_v1.csv","LC012","Economic","Gold output from Harbor, Lighthouse, and Seaport buildings +50%"
"Navigation","Late Antiquity","Naval Tradition","KEEP","CIV6","Civ6 GS","Naval Tradition","Direct Civ6 Naval Tradition Great Admiral policy retained","Navigation","LOCKED_V1","tech_reference/late_antiquity_tech_civic_unlock_audit_v1.csv","LC013","Wildcard","+2 Great Admiral Points per turn"
"Scripture","Late Antiquity","Theology","ADAPT","CIV6","Civ6 GS","Theology","Direct Civ6 Theology policy retained; Holy Site adjacency translated to Temple/Holy Site tile/religious-building output","Scripture","LOCKED_V1","tech_reference/late_antiquity_tech_civic_unlock_audit_v1.csv","LC009","Economic","Shrine, Temple, and Holy Site tile each provide +1 Faith"
"Feudal Contract","Early Medieval","Feudalism","KEEP","CIV6","Civ6 GS","Feudalism","Direct Civ6 Feudalism military-production policy retained","Feudal Contract; exact eligible unit eras later","LOCKED_V1","tech_reference/early_medieval_tech_civic_unlock_audit_v1.csv","EC002","Military","+50% Production toward Ancient through Renaissance melee, ranged, and anti-cavalry units"
"Serfdom","Early Medieval","Feudalism","ADAPT","CIV6","Civ6 GS","Feudalism","Civ VI Builder-charge effect must be converted because project uses Civ V Workers","Candidate: faster Worker improvement construction rather than extra charges","LOCKED_V1","tech_reference/early_medieval_tech_civic_unlock_audit_v1.csv","EC003","Economic","Workers construct tile improvements 25% faster"
"Professional Army","Early Medieval","Mercenaries","KEEP","CIV6","Civ6 GS","Mercenaries","Unit-upgrade discount policy directly matches mercenary/professional military organization","Numeric discount can follow source initially then balance","LOCKED_V1","tech_reference/early_medieval_tech_civic_unlock_audit_v1.csv","EC006","Military","Gold cost to upgrade units -50%"
"Retinues","Early Medieval","Mercenaries","KEEP","CIV6","Civ6 GS","Mercenaries","Strategic-resource discount for upgrades fits retinue organization","","LOCKED_V1","tech_reference/early_medieval_tech_civic_unlock_audit_v1.csv","EC007","Military","Strategic-resource cost to upgrade units -50%"
"Sack","Early Medieval","Mercenaries","KEEP","CIV6","Civ6 GS","Mercenaries","Pillage-oriented military policy","Convert district references to city/tile infrastructure","LOCKED_V1","tech_reference/early_medieval_tech_civic_unlock_audit_v1.csv","EC008","Military","Pillage yields from city-linked infrastructure, roads, forts, and port infrastructure +100%"
"Trade Confederation","Early Medieval","Mercenaries","KEEP","CIV6","Civ6 GS","Mercenaries","International trade Science/Culture policy","","LOCKED_V1","tech_reference/early_medieval_tech_civic_unlock_audit_v1.csv","EC009","Economic","International Trade Routes provide +1 Science and +1 Culture"
"Manuscript Patronage","Early Medieval","Written Culture","KEEP","PROJECT_HISTORICAL","Project addition","Written Culture","Project policy retained to give Written Culture a manuscript patronage/cultural-production role","Manuscript Patronage; Culture/Great Writer effect, exact value later","LOCKED_V1","tech_reference/early_medieval_tech_civic_unlock_audit_v1.csv","EC016","Wildcard","Scriptorium and Woodblock Printing House each provide +1 Culture; +1 Great Writer Point per turn"
"Chivalry","High Medieval","Divine Right","KEEP","CIV6","Civ6 GS","Divine Right","Heavy/light cavalry production policy","Mounted units themselves remain tech-gated","TBD_NUMERIC_BALANCE","tech_reference/high_medieval_tech_civic_unlock_audit_v1.csv","HC017","",""
"Gothic Architecture","High Medieval","Divine Right","KEEP","CIV6","Civ6 GS","Divine Right","Wonder-construction policy; exact production percentage later","","TBD_NUMERIC_BALANCE","tech_reference/high_medieval_tech_civic_unlock_audit_v1.csv","HC018","",""
"Craftsmen","High Medieval","Guilds","ADAPT","CIV6","Civ6 GS","Guilds","Convert Industrial Zone adjacency bonus into Workshop/industrial-building production efficiency","","TBD_NUMERIC_BALANCE","tech_reference/high_medieval_tech_civic_unlock_audit_v1.csv","HC010","",""
"Town Charters","High Medieval","Guilds","ADAPT","CIV6","Civ6 GS","Guilds","Convert Commercial Hub adjacency bonus into Market/urban-commerce bonuses","","TBD_NUMERIC_BALANCE","tech_reference/high_medieval_tech_civic_unlock_audit_v1.csv","HC011","",""
"Traveling Merchants","High Medieval","Guilds","KEEP","CIV6","Civ6 GS","Guilds","Great Merchant generation policy transfers cleanly","","TBD_NUMERIC_BALANCE","tech_reference/high_medieval_tech_civic_unlock_audit_v1.csv","HC012","",""
"Aesthetics","High Medieval","Medieval Faires","ADAPT","CIV6","Civ6 GS","Medieval Faires","Convert Theater Square adjacency into bonuses for Amphitheater, Writers' Guild, Artists' Guild and cultural city buildings","Exact formula later","TBD_NUMERIC_BALANCE","tech_reference/high_medieval_tech_civic_unlock_audit_v1.csv","HC002","",""
"Medina Quarter","High Medieval","Medieval Faires","ADAPT","CIV6","Civ6 GS","Medieval Faires","Replace district-count condition with developed-city/building threshold under Civ V city structure","Housing effect retained conceptually","TBD_NUMERIC_BALANCE","tech_reference/high_medieval_tech_civic_unlock_audit_v1.csv","HC003","",""
"Merchant Confederation","High Medieval","Medieval Faires","KEEP","CIV6","Civ6 GS","Medieval Faires","City-state envoy Gold policy transfers cleanly to civic system","","TBD_NUMERIC_BALANCE","tech_reference/high_medieval_tech_civic_unlock_audit_v1.csv","HC004","",""
"Machiavellianism","Renaissance","Diplomatic Service","KEEP","CIV6","Civ6 GS","Diplomatic Service","Espionage policy transfers cleanly","","TBD_NUMERIC_BALANCE","tech_reference/renaissance_tech_civic_unlock_audit_v1.csv","RC012","",""
"Wisselbanken","Renaissance","Diplomatic Service","KEEP","CIV6","Civ6 GS","Diplomatic Service","Alliance trade policy transfers cleanly","","TBD_NUMERIC_BALANCE","tech_reference/renaissance_tech_civic_unlock_audit_v1.csv","RC013","",""
"Frescoes","Renaissance","Humanism","KEEP","CIV6","Civ6 GS","Humanism","Great Artist generation policy transfers cleanly","Adapt district references to Art Museum/cultural buildings","TBD_NUMERIC_BALANCE","tech_reference/renaissance_tech_civic_unlock_audit_v1.csv","RC003","",""
"Invention","Renaissance","Humanism","ADAPT","CIV6","Civ6 GS","Humanism","Great Engineer generation policy retained; district references converted to Workshops/production buildings","","TBD_NUMERIC_BALANCE","tech_reference/renaissance_tech_civic_unlock_audit_v1.csv","RC004","",""
"Cultural Diplomacy","Renaissance","Patronage","KEEP","CIV5","Civ5 Patronage","Cultural Diplomacy","City-state resource/luxury benefits and cultural relations fit this civic","Exact resource/happiness values later","TBD_NUMERIC_BALANCE","tech_reference/renaissance_tech_civic_unlock_audit_v1.csv","RC018","",""
"Merchant Confederacy","Renaissance","Patronage","KEEP","CIV5","Civ5 BNW Patronage","Merchant Confederacy","Trade routes with city-states gain Gold","Exact +2 Gold may be tuned","TBD_NUMERIC_BALANCE","tech_reference/renaissance_tech_civic_unlock_audit_v1.csv","RC019","",""
"Philanthropy","Renaissance","Patronage","KEEP","CIV5","Civ5 Patronage","Philanthropy","Gold gifts produce more city-state influence","Exact 25% not locked","TBD_NUMERIC_BALANCE","tech_reference/renaissance_tech_civic_unlock_audit_v1.csv","RC017","",""
"Vernacular Print","Renaissance","Print Culture","KEEP","PROJECT_HISTORICAL","Historical/project addition","Print Culture","Project Print Culture policy retained for vernacular literacy and cultural diffusion","Vernacular Print; exact Culture/literacy effect later","TBD_NUMERIC_BALANCE","tech_reference/renaissance_tech_civic_unlock_audit_v1.csv","RC023","",""
"Colonial Taxes","Exploration","Colonialism","KEEP","CIV6","Civ6 GS","Colonialism","Historical colonial fiscal policy candidate","Exact yields later","TBD_NUMERIC_BALANCE","tech_reference/exploration_tech_civic_unlock_audit_v1.csv","XC023","",""
"Native Conquest","Exploration","Colonialism","KEEP","CIV6","Civ6 GS","Colonialism","Historical conquest/extraction policy candidate","Handle neutrally; exact rewards and penalties require colonial-system balance","TBD_NUMERIC_BALANCE","tech_reference/exploration_tech_civic_unlock_audit_v1.csv","XC025","",""
"Raj","Exploration","Colonialism","KEEP","CIV6","Civ6 GS","Colonialism","Indirect-rule/city-state policy candidate","Exact yields later","TBD_NUMERIC_BALANCE","tech_reference/exploration_tech_civic_unlock_audit_v1.csv","XC024","",""
"Maritime Infrastructure","Exploration","Exploration","KEEP","CIV5","Civ5 BNW Exploration","Maritime Infrastructure","Coastal-city production policy fits the civic","Exact +3 Production not locked","TBD_NUMERIC_BALANCE","tech_reference/exploration_tech_civic_unlock_audit_v1.csv","XC005","",""
"Logistics","Exploration","Mercantilism","KEEP","CIV6","Civ6 GS","Mercantilism","Movement/logistics policy retained","Exact effect later","TBD_NUMERIC_BALANCE","tech_reference/exploration_tech_civic_unlock_audit_v1.csv","XC016","",""
"Triangular Trade","Exploration","Mercantilism","KEEP","CIV6","Civ6 GS","Mercantilism","Historical trade-route policy retained as source content","Exact yields later","TBD_NUMERIC_BALANCE","tech_reference/exploration_tech_civic_unlock_audit_v1.csv","XC017","",""
"Religious Orders","Exploration","Reformed Church","KEEP","CIV6","Civ6 GS","Reformed Church","Religious-unit strength policy","Exact +5 value can be balanced later","TBD_NUMERIC_BALANCE","tech_reference/exploration_tech_civic_unlock_audit_v1.csv","XC012","",""
"Simultaneum","Exploration","Reformed Church","ADAPT","CIV6","Civ6 GS","Reformed Church","Convert Holy Site adjacency/population conditions into Temple/religious-building conditions under Civ V city structure","","TBD_NUMERIC_BALANCE","tech_reference/exploration_tech_civic_unlock_audit_v1.csv","XC013","",""
"Wars of Religion","Exploration","Reformed Church","KEEP","CIV6","Civ6 GS","Reformed Church","Religion-linked military policy","","TBD_NUMERIC_BALANCE","tech_reference/exploration_tech_civic_unlock_audit_v1.csv","XC011","",""
"Bill of Rights","Enlightenment","Constitutionalism","KEEP","PROJECT_HISTORICAL","Historical/project addition","Constitutionalism","Bill of Rights retained as the rights/legitimacy policy of Constitutionalism","Exact Amenity/loyalty/stability effect later","TBD_NUMERIC_BALANCE","tech_reference/enlightenment_tech_civic_unlock_audit_v1.csv","EC020","",""
"Separation of Powers","Enlightenment","Constitutionalism","KEEP","PROJECT_HISTORICAL","Historical/project addition","Constitutionalism","Separation of Powers is retained as a Constitutionalism policy; exact government-efficiency/stability modifier is numerical balance","Qualitative policy locked","TBD_NUMERIC_BALANCE","tech_reference/enlightenment_tech_civic_unlock_audit_v1.csv","EC019","",""
"Grand Opera","Enlightenment","Opera and Ballet","ADAPT","CIV6","Civ6 GS","Opera and Ballet","Convert Theater Square conditions into Opera House/Museum cultural-building output","","TBD_NUMERIC_BALANCE","tech_reference/enlightenment_tech_civic_unlock_audit_v1.csv","EC006","",""
"Symphonies","Enlightenment","Opera and Ballet","ADAPT","CIV6","Civ6 GS","Opera and Ballet","Great Musician generation boost should apply to Musicians' Guild and later Broadcast Center","","TBD_NUMERIC_BALANCE","tech_reference/enlightenment_tech_civic_unlock_audit_v1.csv","EC007","",""
"Coffeehouse Debate","Enlightenment","Public Sphere","KEEP","PROJECT_HISTORICAL","Historical/project addition","Public Sphere","Coffeehouse Debate retained as a Public Sphere knowledge-exchange policy rather than a universal building","Science/Culture/Great Person interaction; exact value later","TBD_NUMERIC_BALANCE","tech_reference/enlightenment_tech_civic_unlock_audit_v1.csv","EC025","",""
"Pamphleteering","Enlightenment","Public Sphere","KEEP","OTHER","Print Culture carry-forward","Print Culture","Pamphleteering retained as a Public Sphere political-communication policy","Final owner: Public Sphere; exact Culture/diplomacy/religion interaction later","TBD_NUMERIC_BALANCE","tech_reference/enlightenment_tech_civic_unlock_audit_v1.csv","EC024","",""
"Free Market","Enlightenment","The Enlightenment","ADAPT","CIV6","Civ6 GS","The Enlightenment","Convert Commercial Hub adjacency/population conditions into Market/Bank/Stock Exchange city-building conditions","","TBD_NUMERIC_BALANCE","tech_reference/enlightenment_tech_civic_unlock_audit_v1.csv","EC002","",""
"Liberalism","Enlightenment","The Enlightenment","ADAPT","CIV6","Civ6 GS","The Enlightenment","Replace specialty-district count with developed-city institutional/building threshold","Amenity effect retained conceptually","TBD_NUMERIC_BALANCE","tech_reference/enlightenment_tech_civic_unlock_audit_v1.csv","EC003","",""
"Rationalism","Enlightenment","The Enlightenment","ADAPT","CIV6","Civ6 GS","The Enlightenment","Convert Campus/district thresholds into Library/University/Public School/Research Lab city-building thresholds","Exact multiplier later","TBD_NUMERIC_BALANCE","tech_reference/enlightenment_tech_civic_unlock_audit_v1.csv","EC001","",""
"Laissez-Faire","Industrial","Capitalism","KEEP","CIV6","Civ6 GS","Capitalism","Economic policy retained","","TBD_NUMERIC_BALANCE","tech_reference/industrial_tech_civic_unlock_audit_v1_part_b.csv","ICB013","",""
"Market Economy","Industrial","Capitalism","KEEP","CIV6","Civ6 GS","Capitalism","International trade/economic policy retained","","TBD_NUMERIC_BALANCE","tech_reference/industrial_tech_civic_unlock_audit_v1_part_b.csv","ICB014","",""
"Public Works","Industrial","Civil Engineering","KEEP","CIV6","Civ6 GS","Civil Engineering","Public-infrastructure policy transfers cleanly","Convert Builder charges to Worker construction efficiency","TBD_NUMERIC_BALANCE","tech_reference/industrial_tech_civic_unlock_audit_v1_part_a.csv","IC001","",""
"Skyscrapers","Industrial","Civil Engineering","KEEP","CIV6","Civ6 GS","Civil Engineering","Wonder-construction policy retained","","TBD_NUMERIC_BALANCE","tech_reference/industrial_tech_civic_unlock_audit_v1_part_a.csv","IC002","",""
"Resource Management","Industrial","Conservation","KEEP","CIV6","Civ6 GS","Conservation","Strategic-resource management policy candidate","","TBD_NUMERIC_BALANCE","tech_reference/industrial_tech_civic_unlock_audit_v1_part_b.csv","ICB005","",""
"Collective Bargaining","Industrial","Labor Movement","KEEP","PROJECT_HISTORICAL","Historical/project addition","Labor Movement","Labor-cost/worker-welfare policy candidate","Exact Production/Gold/Amenity tradeoff later","TBD_NUMERIC_BALANCE","tech_reference/industrial_tech_civic_unlock_audit_v1_part_b.csv","ICB023","",""
"Factory Acts","Industrial","Labor Movement","KEEP","PROJECT_HISTORICAL","Historical/project addition","Labor Movement","Workplace-regulation and Health/Amenity policy candidate","Can interact with Health & Plague / industrial pollution","TBD_NUMERIC_BALANCE","tech_reference/industrial_tech_civic_unlock_audit_v1_part_b.csv","ICB024","",""
"Propaganda","Industrial","Mass Media","KEEP","CIV6","Civ6 GS","Mass Media","War-weariness/public-opinion policy retained","","TBD_NUMERIC_BALANCE","tech_reference/industrial_tech_civic_unlock_audit_v1_part_b.csv","ICB008","",""
"Grande Armée","Industrial","Nationalism","KEEP","CIV6","Civ6 GS","Nationalism","Industrial-era unit production policy","","TBD_NUMERIC_BALANCE","tech_reference/industrial_tech_civic_unlock_audit_v1_part_a.csv","IC008","",""
"National Identity","Industrial","Nationalism","KEEP","CIV6","Civ6 GS","Nationalism","Military resilience policy retained","","TBD_NUMERIC_BALANCE","tech_reference/industrial_tech_civic_unlock_audit_v1_part_a.csv","IC009","",""
"Expropriation","Industrial","Scorched Earth","KEEP","CIV6","Civ6 GS","Scorched Earth","Direct Civ6 Scorched Earth economic policy retained","Expropriation combines late settler expansion and tile-purchase efficiency; exact values later","TBD_NUMERIC_BALANCE","tech_reference/industrial_tech_civic_unlock_audit_v1_part_a.csv","IC013","",""
"Military Organization","Industrial","Scorched Earth","KEEP","CIV6","Civ6 GS","Scorched Earth","Great General/academy organizational policy retained","","TBD_NUMERIC_BALANCE","tech_reference/industrial_tech_civic_unlock_audit_v1_part_a.csv","IC012","",""
"Total War","Industrial","Scorched Earth","KEEP","CIV6","Civ6 GS","Scorched Earth","Pillage/raid intensification policy retained","","TBD_NUMERIC_BALANCE","tech_reference/industrial_tech_civic_unlock_audit_v1_part_a.csv","IC011","",""
"Public Transport","Industrial","Urbanization","ADAPT","CIV6","Civ6 GS","Urbanization","Apply to urban housing and transport infrastructure rather than Neighborhood districts","","TBD_NUMERIC_BALANCE","tech_reference/industrial_tech_civic_unlock_audit_v1_part_a.csv","IC016","",""
"Collectivization","Modern","Class Struggle","KEEP","CIV6","Civ6 GS","Class Struggle","Domestic trade Food/Production policy retained","","TBD_NUMERIC_BALANCE","tech_reference/modern_tech_civic_unlock_audit_v1_part_b.csv","MCB008","",""
"Defense of the Motherland","Modern","Class Struggle","KEEP","CIV6","Civ6 GS","Class Struggle","Defensive/war-weariness government policy","","TBD_NUMERIC_BALANCE","tech_reference/modern_tech_civic_unlock_audit_v1_part_b.csv","MCB009","",""
"Five-Year Plan","Modern","Class Struggle","ADAPT","CIV6","Civ6 GS + thematic cleanup","Ideology / Class Struggle","Five-Year Plan final owner is Class Struggle; convert Campus/Industrial Zone adjacency into direct science and industrial building bonuses","Exact multiplier later","TBD_NUMERIC_BALANCE","tech_reference/modern_tech_civic_unlock_audit_v1_part_b.csv","MCB010","",""
"Gunboat Diplomacy","Modern","Ideology","KEEP","CIV6","Civ6 GS","Ideology","Diplomatic-military pressure policy retained","","TBD_NUMERIC_BALANCE","tech_reference/modern_tech_civic_unlock_audit_v1_part_a.csv","MC007","",""
"Levée en Masse","Modern","Mobilization","KEEP","CIV6","Civ6 GS","Mobilization","Mass-military maintenance policy retained","","TBD_NUMERIC_BALANCE","tech_reference/modern_tech_civic_unlock_audit_v1_part_a.csv","MC002","",""
"Sports Media","Modern","Professional Sports","ADAPT","CIV6","Civ6 GS","Professional Sports","Replace Theater Square adjacency with Stadium/Arena/Opera House/cultural-building media synergy","Stadium Amenity concept retained","TBD_NUMERIC_BALANCE","tech_reference/modern_tech_civic_unlock_audit_v1_part_b.csv","MCB015","",""
"Arsenal of Democracy","Modern","Suffrage","ADAPT","CIV6","Civ6 pre-GS / Democracy effect","Suffrage","Alliance trade-production support retained conceptually","GS merges effect into Democracy; project can encode as government effect or policy","TBD_NUMERIC_BALANCE","tech_reference/modern_tech_civic_unlock_audit_v1_part_a.csv","MC018","",""
"Economic Union","Modern","Suffrage","KEEP","CIV6","Civ6 GS","Suffrage","Democratic trade/economic policy association retained","Avoid duplicate generic Ideology version in final policy cleanup","TBD_NUMERIC_BALANCE","tech_reference/modern_tech_civic_unlock_audit_v1_part_a.csv","MC016","",""
"New Deal","Modern","Suffrage","ADAPT","CIV6","Civ6 GS","Suffrage","Replace specialty-district threshold with developed-city building/infrastructure threshold","Housing/Amenity concept retained","TBD_NUMERIC_BALANCE","tech_reference/modern_tech_civic_unlock_audit_v1_part_a.csv","MC015","",""
"Their Finest Hour","Modern","Suffrage","KEEP","CIV6","Civ6 GS","Suffrage","Defensive wartime democratic policy candidate","","TBD_NUMERIC_BALANCE","tech_reference/modern_tech_civic_unlock_audit_v1_part_a.csv","MC017","",""
"Lightning Warfare","Modern","Totalitarianism","KEEP","CIV6","Civ6 GS","Totalitarianism","Armored-unit production policy fits fascist/total-war branch","Moved from generic Ideology cleanup","TBD_NUMERIC_BALANCE","tech_reference/modern_tech_civic_unlock_audit_v1_part_b.csv","MCB002","",""
"Martial Law","Modern","Totalitarianism","KEEP","CIV6","Civ6 GS","Totalitarianism","War-weariness/loyalty policy retained","","TBD_NUMERIC_BALANCE","tech_reference/modern_tech_civic_unlock_audit_v1_part_b.csv","MCB003","",""
"Police State","Modern","Totalitarianism","KEEP","CIV6","Civ6 Ideology remap","Ideology","Police State final owner is Totalitarianism","Moved from generic Ideology","TBD_NUMERIC_BALANCE","tech_reference/modern_tech_civic_unlock_audit_v1_part_b.csv","MCB005","",""
"Third Alternative","Modern","Totalitarianism","ADAPT","CIV6","Civ6 GS","Totalitarianism","Apply Gold/Culture bonuses to Research Lab, Military Academy and Power Plant city buildings directly","","TBD_NUMERIC_BALANCE","tech_reference/modern_tech_civic_unlock_audit_v1_part_b.csv","MCB004","",""
"Containment","Atomic","Cold War","KEEP","CIV6","Civ6 GS","Cold War","City-state geopolitical competition policy retained","","TBD_NUMERIC_BALANCE","tech_reference/atomic_tech_civic_unlock_audit_v1_part_a.csv","AC012","",""
"Cryptography","Atomic","Cold War","KEEP","CIV6","Civ6 GS","Cold War","Espionage/counterespionage policy retained","","TBD_NUMERIC_BALANCE","tech_reference/atomic_tech_civic_unlock_audit_v1_part_a.csv","AC011","",""
"International Waters","Atomic","Cold War","KEEP","CIV6","Civ6 GS","Cold War","Late naval-production policy retained","","TBD_NUMERIC_BALANCE","tech_reference/atomic_tech_civic_unlock_audit_v1_part_a.csv","AC013","",""
"Second Strike Capability","Atomic","Cold War","CROSS_GATE","CIV6","Civ6 GS","Cold War","Nuclear maintenance/deterrence policy only matters after nuclear weapons exist","","TBD_NUMERIC_BALANCE","tech_reference/atomic_tech_civic_unlock_audit_v1_part_a.csv","AC014","",""
"Heritage Tourism","Atomic","Cultural Heritage","KEEP","CIV6","Civ6 GS","Cultural Heritage","Tourism from Great Works/Artifacts policy retained","Exact percentage later","TBD_NUMERIC_BALANCE","tech_reference/atomic_tech_civic_unlock_audit_v1_part_a.csv","AC006","",""
"Nuclear Espionage","Atomic","Nuclear Program","KEEP","CIV6","Civ6 GS","Nuclear Program","Technology-stealing espionage policy retained","","TBD_NUMERIC_BALANCE","tech_reference/atomic_tech_civic_unlock_audit_v1_part_a.csv","AC002","",""
"Science Foundations","Atomic","Nuclear Program","KEEP","CIV6","Civ6 GS","Nuclear Program","Great Scientist/Engineer attraction policy fits concentrated strategic research programs","","TBD_NUMERIC_BALANCE","tech_reference/atomic_tech_civic_unlock_audit_v1_part_a.csv","AC001","",""
"After Action Reports","Atomic","Rapid Deployment","KEEP","CIV6","Civ6 GS","Rapid Deployment","Unit-experience policy retained","","TBD_NUMERIC_BALANCE","tech_reference/atomic_tech_civic_unlock_audit_v1_part_b.csv","ACB004","",""
"Military First","Atomic","Rapid Deployment","KEEP","CIV6","Civ6 GS","Rapid Deployment","Late-unit production policy retained","","TBD_NUMERIC_BALANCE","tech_reference/atomic_tech_civic_unlock_audit_v1_part_b.csv","ACB003","",""
"Integrated Space Cell","Atomic","Space Race","ADAPT","CIV6","Civ6 GS","Space Race","Retain production bonus for space projects; apply through Military Academy/Seaport/Space Launch Center city buildings rather than districts","","TBD_NUMERIC_BALANCE","tech_reference/atomic_tech_civic_unlock_audit_v1_part_b.csv","ACB010","",""
"Music Censorship","Atomic","Space Race","KEEP","CIV6","Civ6 GS","Space Race","Rock Band exclusion with domestic amenity cost retained conceptually","","TBD_NUMERIC_BALANCE","tech_reference/atomic_tech_civic_unlock_audit_v1_part_b.csv","ACB012","",""
"Satellite Broadcasts","Atomic","Space Race","KEEP","CIV6","Civ6 GS","Space Race","Great Works of Music Tourism policy retained","Exact +200% source value can be balance-tested","TBD_NUMERIC_BALANCE","tech_reference/atomic_tech_civic_unlock_audit_v1_part_b.csv","ACB011","",""
"Hallyu","Information","Cultural Hegemony","KEEP","CIV6","Civ6 GS","Cultural Hegemony","Direct Civ6 policy; Rock Bands can access any promotion","If Rock Band promotion system is simplified, translate into stronger global music influence","TBD_NUMERIC_BALANCE","tech_reference/information_tech_civic_unlock_audit_v1_part_b.csv","ICB010","",""
"Non-State Actors","Information","Cultural Hegemony","KEEP","CIV6","Civ6 GS","Cultural Hegemony","Direct Civ6 policy; Spies can access any promotion","Adapt to project's spy promotion system","TBD_NUMERIC_BALANCE","tech_reference/information_tech_civic_unlock_audit_v1_part_b.csv","ICB011","",""
"Aerospace Contractors","Information","Exodus Imperative","ADAPT","CIV6","Civ6 GS","Exodus Imperative","Convert Spaceport requirement into Space Launch Center; preserve Power/Aluminum support concept","Source grants +3 Aluminum and +3 Power per Spaceport","TBD_NUMERIC_BALANCE","tech_reference/information_tech_civic_unlock_audit_v1_part_b.csv","ICB018","",""
"Space Tourism","Information","Exodus Imperative","KEEP","CIV6","Civ6 GS","Exodus Imperative","Direct Civ6 policy concept; reduces foreign Tourism pressure","Exact 20% source value can be balanced","TBD_NUMERIC_BALANCE","tech_reference/information_tech_civic_unlock_audit_v1_part_b.csv","ICB019","",""
"Ecommerce","Information","Globalization","KEEP","CIV6","Civ6 GS","Globalization","Trade-route Gold/Production policy retained","Exact source values may be balanced","TBD_NUMERIC_BALANCE","tech_reference/information_tech_civic_unlock_audit_v1_part_a.csv","ICA003","",""
"International Space Agency","Information","Globalization","KEEP","CIV6","Civ6 GS","Globalization","Global city-state/science-space cooperation policy retained","Translate directly to project city-state system","TBD_NUMERIC_BALANCE","tech_reference/information_tech_civic_unlock_audit_v1_part_a.csv","ICA002","",""
"Strategic Air Force","Information","Globalization","KEEP","CIV6","Civ6 GS","Globalization","Late global air-power production policy retained","","TBD_NUMERIC_BALANCE","tech_reference/information_tech_civic_unlock_audit_v1_part_a.csv","ICA001","",""
"Integrated Attack Logistics","Information","Information Warfare","KEEP","CIV6","Civ6 GS","Information Warfare","Direct Civ6 policy","Convert GDR-only production bonus into broader advanced robotic/unmanned-unit logistics if GDR remains optional","TBD_NUMERIC_BALANCE","tech_reference/information_tech_civic_unlock_audit_v1_part_b.csv","ICB001","",""
"Rabblerousing","Information","Information Warfare","KEEP","CIV6","Civ6 GS","Information Warfare","Direct Civ6 diplomatic-favor policy concept","If diplomatic-victory points are absent, retain Favor-recovery component only","TBD_NUMERIC_BALANCE","tech_reference/information_tech_civic_unlock_audit_v1_part_b.csv","ICB002","",""
"Diplomatic Capital","Information","Smart Power Doctrine","KEEP","CIV6","Civ6 GS","Smart Power Doctrine","Direct Civ6 policy; generates Diplomatic Favor","","TBD_NUMERIC_BALANCE","tech_reference/information_tech_civic_unlock_audit_v1_part_b.csv","ICB014","",""
"Global Coalition","Information","Smart Power Doctrine","KEEP","CIV6","Civ6 GS","Smart Power Doctrine","Direct Civ6 policy; defensive combat in friendly territory","","TBD_NUMERIC_BALANCE","tech_reference/information_tech_civic_unlock_audit_v1_part_b.csv","ICB015","",""
"Collective Activism","Information","Social Media","KEEP","CIV6","Civ6 GS","Social Media","City-state-linked Culture policy retained","","TBD_NUMERIC_BALANCE","tech_reference/information_tech_civic_unlock_audit_v1_part_a.csv","ICA008","",""
"Communications Office","Information","Social Media","ADAPT","CIV6","Civ6 GS","Social Media","Convert Governor-based loyalty to general administrative/media legitimacy if governors remain absent","Exact effect later","TBD_NUMERIC_BALANCE","tech_reference/information_tech_civic_unlock_audit_v1_part_a.csv","ICA009","",""
"Online Communities","Information","Social Media","KEEP","CIV6","Civ6 GS","Social Media","Tourism via active trade routes retained","","TBD_NUMERIC_BALANCE","tech_reference/information_tech_civic_unlock_audit_v1_part_a.csv","ICA007","",""
