"CIVIC_EN","PROJECT_ERA","FINAL_UNLOCKS_SYSTEMS","POLICY_CANDIDATES","NOTES","QA_STATUS","SUMMARY_SOURCE"
"Code of Laws","Ancient","Chiefdom; Policy Card system; Courthouse with Writing","Discipline; God King; Survey; Urban Planning","Courthouse requires Writing","OK","civics_reference/civic_unlock_summary_ancient_v1.csv"
"Craftsmanship","Ancient","Organized artisan/labor policy layer","Ilkum; Agoge","Sphinx/Chemamull remain civilization uniques","OK","civics_reference/civic_unlock_summary_ancient_v1.csv"
"Foreign Trade","Ancient","Trade Route capacity +1; permits land/maritime trade when matching transport tech exists","Caravansaries; Maritime Industries","Trader merged into Caravan/Cargo Ship model; Joint War deferred","OK","civics_reference/civic_unlock_summary_ancient_v1.csv"
"Military Tradition","Ancient","Barracks; Flanking/Support doctrine","Maneuver; Strategos","Barracks moved here from Bronze Working","OK","civics_reference/civic_unlock_summary_ancient_v1.csv"
"State Workforce","Ancient","Government Plaza as one-per-civ national city building","Corvée; Conscription","Governor system deferred; tier-1 government buildings wait for Political Philosophy","OK","civics_reference/civic_unlock_summary_ancient_v1.csv"
"Early Empire","Ancient","Enforced borders and Open Borders permission","Colonization; Land Surveyors; Limitanei","Governor system deferred; Pairidaeza remains Persian unique","OK","civics_reference/civic_unlock_summary_ancient_v1.csv"
"Mysticism","Ancient","Shrine; Great Prophet/religion access with Astrology; Grove","Inspiration; Revelation","Preserve district removed; Grove deferred; Oracle wonder deferred","OK","civics_reference/civic_unlock_summary_ancient_v1.csv"
"Games and Recreation","Classical","Arena with Construction; Circus with Trapping","Insulae","Entertainment Complex removed; Colosseum deferred as World Wonder","OK","civics_reference/civic_unlock_summary_classical_v1.csv"
"Political Philosophy","Classical","Autocracy; Oligarchy; Classical Republic; Ancestral Hall/Audience Chamber/Warlord's Throne; Consulate","Charismatic Leader; Diplomatic League","Consulate moved from Mathematics; government buildings require Government Plaza and Tier-1 government","OK","civics_reference/civic_unlock_summary_classical_v1.csv"
"Drama and Poetry","Classical","Amphitheater; Writers' Guild; Great Writer generation","Literary Tradition","Theater Square removed","OK","civics_reference/civic_unlock_summary_classical_v1.csv"
"Military Training","Classical","Military doctrine/policy layer","Raid; Veterancy; Equestrian Orders","Heroic Epic suggested here if retained as national wonder","OK","civics_reference/civic_unlock_summary_classical_v1.csv"
"Recorded History","Classical","Recorded-history/science-administration policy layer","Natural Philosophy; Praetorium","Great Library deferred; Papermaking synergy left non-numeric","OK","civics_reference/civic_unlock_summary_classical_v1.csv"
"Defensive Tactics","Late Antiquity","Reconquest War; Protectorate War","Bastions; Limes","Defensive policies and casus belli; no Castle unlock because project has separate Castles technology","OK","civics_reference/civic_unlock_summary_late_antiquity_v1.csv"
"Theology","Late Antiquity","Temple; advanced religious organization","Scripture","Garden remapped to Irrigation + Civil Service; national/world religious wonders deferred","OK","civics_reference/civic_unlock_summary_late_antiquity_v1.csv"
"Naval Tradition","Late Antiquity","Great Admiral generation bonus; naval institutional efficiency with Celestial Navigation","Naval Infrastructure; Navigation","Harbor-adjacency source effects must be translated into Civ V-style port/building bonuses","OK","civics_reference/civic_unlock_summary_late_antiquity_v1.csv"
"Civil Service","Late Antiquity","Alliances; Defensive Pact; Garden with Irrigation","Meritocracy; Retainers; Civil Prestige","Pikeman moved to Military Tactics; fresh-water Farm bonus remains Irrigation; Open Borders remains Early Empire","OK","civics_reference/civic_unlock_summary_late_antiquity_v1.csv"
"Feudalism","Early Medieval","Feudal Field System","Feudal Contract; Serfdom","Serfdom converted from Builder charges to Civ V Worker-speed concept; Estate/Manor not yet locked","OK","civics_reference/civic_unlock_summary_early_medieval_v1.csv"
"Mercenaries","Early Medieval","Mercenary/professional military policy layer","Professional Army; Retinues; Sack; Trade Confederation","Mercenary Recruitment system deferred; Jong remains Indonesian unique","OK","civics_reference/civic_unlock_summary_early_medieval_v1.csv"
"Written Culture","Early Medieval","Scriptorium with Writing; Manuscript Culture; Great Work of Writing storage/support","Manuscript Patronage candidate","Block Printing later upgrades the manuscript chain to Woodblock Printing House","OK","civics_reference/civic_unlock_summary_early_medieval_v1.csv"
"Court Culture","Early Medieval","Court national city building; Court Patronage","Court Patronage candidate","Court is Palace-linked and one per civilization; Great Person/Great Work effects tuned later","OK","civics_reference/civic_unlock_summary_early_medieval_v1.csv"
"Medieval Faires","High Medieval","Medieval Fair system with Currency/Market","Aesthetics; Medina Quarter; Merchant Confederation","Temporary fair/trade institution; district conditions converted to Civ V-style city conditions","OK","civics_reference/civic_unlock_summary_high_medieval_v1.csv"
"Guilds","High Medieval","Artists' Guild; Great Artist generation; Craft Guild Organization with Apprenticeship","Craftsmen; Town Charters; Traveling Merchants","Civ5 Artists' Guild moved from Guilds technology to civic; Trading Post not reintroduced","OK","civics_reference/civic_unlock_summary_high_medieval_v1.csv"
"Divine Right","High Medieval","Monarchy; Tier-2 government building choice eligibility","Chivalry; Gothic Architecture","Tier-2 government building choice deferred until all Tier-2 governments are audited","OK","civics_reference/civic_unlock_summary_high_medieval_v1.csv"
"Scholasticism","High Medieval","Scholastic Exchange; Research Agreement with Education; Allied City-State Science Share","","Adapts Civ5 Patronage Scholasticism without locking the original 25% value","OK","civics_reference/civic_unlock_summary_high_medieval_v1.csv"
"Humanism","Renaissance","Art Museum","Frescoes; Invention","Archaeological Museum moved to later Natural History; Chateau remains French unique","OK","civics_reference/civic_unlock_summary_renaissance_v1.csv"
"Diplomatic Service","Renaissance","Chancery; Spy; Resident Embassies; formal Casus Belli; World Congress cross-gate with Printing","Machiavellianism; Wisselbanken","Constabulary moved here from Civ5 Banking","OK","civics_reference/civic_unlock_summary_renaissance_v1.csv"
"Patronage","Renaissance","Great Person Patronage; City-State Patronage","Philanthropy; Cultural Diplomacy; Merchant Confederacy","Adapts Civ5 Patronage tree; Great Person gifts deferred as later reward","OK","civics_reference/civic_unlock_summary_renaissance_v1.csv"
"Print Culture","Renaissance","Mass Print Culture with Printing; Writing-work tourism boost","Vernacular Print; Pamphleteering candidates","Printing technology supplies capacity; civic represents widespread social adoption","OK","civics_reference/civic_unlock_summary_renaissance_v1.csv"
"Exploration","Exploration","Merchant Republic; Navigation School with Cartography; Explorer with Cartography; Galleon with Astronomy; naval exploration bonus; Tier-2 government building choice eligibility","Maritime Infrastructure; Native Conquest candidate","Colonial Offices moved to Colonialism","OK","civics_reference/civic_unlock_summary_exploration_v1.csv"
"Reformed Church","Exploration","Theocracy; Tier-2 government building choice eligibility","Wars of Religion; Religious Orders; Simultaneum","Holy Site conditions converted to Temple/religious-building conditions","OK","civics_reference/civic_unlock_summary_exploration_v1.csv"
"Mercantilism","Exploration","Privateer with Warships; Merchant Navy and Treasure Fleets with Navigation","Logistics; Triangular Trade","Civ6 Camp yield bonus dropped as functionally weak","OK","civics_reference/civic_unlock_summary_exploration_v1.csv"
"Colonialism","Exploration","Overseas Colonial Administration with Astronomy; +2 Envoys","Colonial Offices; Colonial Taxes; Raj; Native Conquest","Fishing Boats yield bonus dropped; civilization uniques remain unique","OK","civics_reference/civic_unlock_summary_exploration_v1.csv"
"Scientific Revolution","Exploration","Research Agreement science bonus with Education; Observational Scientific Method with Astronomy","","Civ5 Rationalism Scientific Revolution adapted; no free-tech reward","OK","civics_reference/civic_unlock_summary_exploration_v1.csv"
"Sovereignty","Exploration","Formal State Sovereignty; Central Charter and Tax Authority","","EE Manor rejected as universal building; World Congress remains Printing + Diplomatic Service","OK","civics_reference/civic_unlock_summary_exploration_v1.csv"
"The Enlightenment","Enlightenment","Public School with Scientific Theory","Rationalism; Free Market; Liberalism","Civ6 policy effects translated from districts to Civ V-style city buildings; religious-tourism resistance retained conceptually","OK","civics_reference/civic_unlock_summary_enlightenment_v1.csv"
"Opera and Ballet","Enlightenment","Opera/Ballet institution upgrade with Acoustics","Grand Opera; Symphonies","Bolshoi Theatre deferred","OK","civics_reference/civic_unlock_summary_enlightenment_v1.csv"
"Natural History","Enlightenment","Antiquity Sites; Archaeologist; Archaeological Museum; Zoo; artifact system","","Art Museum remains Humanism; generic EE Museum merged into Art/Archaeological museum split","OK","civics_reference/civic_unlock_summary_enlightenment_v1.csv"
"Constitutionalism","Enlightenment","Constitutional Government","Separation of Powers; Bill of Rights","Government variants deferred to government-roster audit","OK","civics_reference/civic_unlock_summary_enlightenment_v1.csv"
"Public Sphere","Enlightenment","Newspaper Office with Printing; Public Debate/Public Opinion","Pamphleteering; Coffeehouse Debate candidate","No universal Coffeehouse building; later feeds Mass Media","OK","civics_reference/civic_unlock_summary_enlightenment_v1.csv"
"Civil Engineering","Industrial","Public Works; Hill Farms; Canal with Steam Power; Sewer with Sanitation","Skyscrapers","Builder-charge concepts converted to Civ V Worker efficiency","OK","civics_reference/civic_unlock_summary_industrial_v1_part_a.csv"
"Nationalism","Industrial","Corps/Fleets; Colonial War; Infantry with Replaceable Parts","Grande Armée; National Identity","National mass-army institution","OK","civics_reference/civic_unlock_summary_industrial_v1_part_a.csv"
"Scorched Earth","Industrial","Total War; Military Organization","Expropriation candidate","+2 Envoys dropped as unrelated","OK","civics_reference/civic_unlock_summary_industrial_v1_part_a.csv"
"Urbanization","Industrial","Urban Housing/Neighborhood system; Food Market with Replaceable Parts; Public Health with Sanitation","Public Transport","Neighborhood district removed; Health & Plague connectivity risk integrated","OK","civics_reference/civic_unlock_summary_industrial_v1_part_a.csv"
"Conservation","Industrial","Naturalist; National Parks; reforestation; old-growth appeal; Sanctuary","Resource Management","Preserve district removed; Grove -> Sanctuary nature-building chain; Worker plants woods","OK","civics_reference/civic_unlock_summary_industrial_v1_part_b.csv"
"Mass Media","Industrial","Mass Circulation Media with Telegraph; Broadcast Center later with Radio","Propaganda","Broadway/Cristo Redentor deferred","OK","civics_reference/civic_unlock_summary_industrial_v1_part_b.csv"
"Capitalism","Industrial","Corporate Founding Permission; Shopping Mall with Mass Production; corporate investment/branch expansion","Laissez-Faire; Market Economy","All corporation sectors still require their technology gate","OK","civics_reference/civic_unlock_summary_industrial_v1_part_b.csv"
"Romanticism","Industrial","Romantic Landscape Aesthetics; upgrades/merges Art Museum and Zoo concepts","","EE Gallery/Menagerie/Surveyor merged into existing systems; Crystal Palace deferred","OK","civics_reference/civic_unlock_summary_industrial_v1_part_b.csv"
"Labor Movement","Industrial","Organized Labor Movement","Collective Bargaining; Factory Acts","Union Hall and strike mechanics deferred pending economy balance","OK","civics_reference/civic_unlock_summary_industrial_v1_part_b.csv"
"Mobilization","Modern","Armies/Armadas; Territorial Expansion War; Paratrooper with Advanced Flight; Supply Convoy with Combustion","Levée en Masse","Nationalism already provides Corps/Fleets","OK","civics_reference/civic_unlock_summary_modern_v1_part_a.csv"
"Ideology","Modern","Ideological War; extra Spy","Gunboat Diplomacy","Shared ideological layer: Five-Year Plan -> Class Struggle, Lightning Warfare/Police State -> Totalitarianism, Economic Union -> Suffrage; Tier-3 government buildings deferred","OK","civics_reference/civic_unlock_summary_modern_v1_part_a.csv"
"Suffrage","Modern","Democracy; expanded political participation; Tier-3 government building choice eligibility","New Deal; Economic Union; Their Finest Hour; Arsenal of Democracy","District thresholds converted to Civ V-style city conditions","OK","civics_reference/civic_unlock_summary_modern_v1_part_a.csv"
"Totalitarianism","Modern","Fascism; Tier-3 government building choice eligibility","Lightning Warfare; Martial Law; Third Alternative; Police State","Ideology branch cleaned so coercive/armored policies live here","OK","civics_reference/civic_unlock_summary_modern_v1_part_b.csv"
"Class Struggle","Modern","Communism; Tier-3 government building choice eligibility","Collectivization; Defense of the Motherland; Five-Year Plan; Patriotic War candidate","Five-Year Plan moved out of generic Ideology","OK","civics_reference/civic_unlock_summary_modern_v1_part_b.csv"
"Professional Sports","Modern","Stadium; Aquatics Center; Ski Resort; Professional Sports League","Sports Media","Stadium moved here from Civ5 Refrigeration; Ice Hockey Rink remains Canada unique","OK","civics_reference/civic_unlock_summary_modern_v1_part_b.csv"
"Nuclear Program","Atomic","Manhattan Project with Nuclear Fission; Missile Silo with Guidance Systems","Science Foundations; Nuclear Espionage","Nuclear weapons require technology + state program","OK","civics_reference/civic_unlock_summary_atomic_v1_part_a.csv"
"Cultural Heritage","Atomic","Shipwreck reveal; cultural-heritage protection; +3 Envoys","Heritage Tourism","Unique-improvement bonuses remain civilization-specific","OK","civics_reference/civic_unlock_summary_atomic_v1_part_a.csv"
"Cold War","Atomic","Nuclear Submarine with Nuclear Fission; Rock Band; merged extra Spy capacity with Computers","Cryptography; Containment; International Waters; Second Strike Capability","Amundsen-Scott deferred; nuclear deterrence policies require fission capability","OK","civics_reference/civic_unlock_summary_atomic_v1_part_a.csv"
"Rapid Deployment","Atomic","Global Airlift with Radar/Airports; Spec Ops with Radar","Military First; After Action Reports","No Aerodrome district; Airports provide airlift endpoints","OK","civics_reference/civic_unlock_summary_atomic_v1_part_b.csv"
"Space Race","Atomic","Space Launch Center with Rocketry; Orbital Satellite Network; Moon Landing; SS Engine","Integrated Space Cell; Satellite Broadcasts; Music Censorship","Spaceport district converted to one-per-civ Space Launch Center","OK","civics_reference/civic_unlock_summary_atomic_v1_part_b.csv"
"Environmentalism","Atomic","Renewable Energy Transition; environmental Tourism bonus; Flood Barrier/Solar/Wind/Geothermal cross-gates","","Civ6 +25% Tourism concept retained; pollution regulation integrated","OK","civics_reference/civic_unlock_summary_atomic_v1_part_b.csv"
"Globalization","Information","Global Trade Network with Telecommunications","Strategic Air Force; International Space Agency; Ecommerce","Plantation Gold dropped; Governor title deferred","OK","civics_reference/civic_unlock_summary_information_v1_part_a.csv"
"Social Media","Information","Networked Public Sphere with Telecommunications","Online Communities; Collective Activism; Communications Office","Governor title deferred","OK","civics_reference/civic_unlock_summary_information_v1_part_a.csv"
"Near Future Governance","Information","Late-game Governance Capacity; +3 Envoys","","Governor title deferred; gateway to Tier-4 governments","OK","civics_reference/civic_unlock_summary_information_v1_part_a.csv"
"Venture Politics","Information","Corporate Libertarianism","","District-based production effects translated to economic/military city buildings; science penalty deferred","OK","civics_reference/civic_unlock_summary_information_v1_part_a.csv"
"Distributed Sovereignty","Information","Digital Democracy","","Digital participation bonuses adapted; combat penalty deferred","OK","civics_reference/civic_unlock_summary_information_v1_part_a.csv"
"Optimization Imperative","Information","Synthetic Technocracy","","Power/project-production bonuses cross-gated with Advanced Power Cells/Predictive Systems; tourism penalty deferred","OK","civics_reference/civic_unlock_summary_information_v1_part_a.csv"
"Information Warfare","Information","Cyber/Information Operations with Advanced AI; military network coordination","Integrated Attack Logistics; Rabblerousing","Civ6 policies retained; GDR-only effect generalized because GDR is optional","OK","civics_reference/civic_unlock_summary_information_v1_part_b.csv"
"Global Warming Mitigation","Information","Carbon Recapture with Ecology; carbon accounting/mitigation; +3 Envoys","","Diplomatic Victory point dropped unless project later adopts that victory system","OK","civics_reference/civic_unlock_summary_information_v1_part_b.csv"
"Cultural Hegemony","Information","Global Cultural Influence","Hallyu; Non-State Actors","Rock Band/Spy promotion concepts retained","OK","civics_reference/civic_unlock_summary_information_v1_part_b.csv"
"Smart Power Doctrine","Information","Smart Power Strategy; alliance/coalition leverage","Diplomatic Capital; Global Coalition","Direct Civ6 future-civic content used to fill sparse node","OK","civics_reference/civic_unlock_summary_information_v1_part_b.csv"
"Exodus Imperative","Information","Exodus Program; all Offworld Mission projects","Aerospace Contractors; Space Tourism","Spaceport references converted to Space Launch Center","OK","civics_reference/civic_unlock_summary_information_v1_part_b.csv"
"Future Civic","Information","Repeatable Future Civic; +50 Diplomatic Favor per completion","","Governor Title deferred; Score Victory reward dropped","OK","civics_reference/civic_unlock_summary_information_v1_part_b.csv"
