race_id,cycle,state_abbrev,state,seat,special,d_side_candidate,r_side_candidate,d_votes,r_votes,total_valid_candidate_votes,dr_votes,margin_d_minus_r_total_pctpt,margin_d_minus_r_two_party_pctpt,direction_actual,alignment_rule,ranked_choice_round_used,same_seat_exact6_available,same_seat_exact6_cycle,same_seat_exact6_race_id,same_seat_exact6_margin_total_pctpt,same_seat_exact6_margin_two_party_pctpt,same_seat_last_prior_available,same_seat_last_prior_cycle,same_seat_last_prior_year_gap,same_seat_last_prior_race_id,same_seat_last_prior_margin_total_pctpt,same_seat_last_prior_margin_two_party_pctpt,pvi_recent_pres_year,pvi_older_pres_year,pvi_lean_recent_pctpt,pvi_lean_older_pctpt,pvi_default_067_033_pctpt,d_senate_experience,r_senate_experience,SenateExperienceDiff,d_house_experience,r_house_experience,HouseExperienceDiff,d_incumbency,r_incumbency,IncumbencyDiff,d_governor_experience,r_governor_experience,GovernorExperienceDiff,d_outparty_incumbent,r_outparty_incumbent,OutPartyIncumbent
12,2014,AK,Alaska,Class II,false,Mark Begich,Dan Sullivan,129431,135445,282400,264876,-2.12960340,-2.27049638,R,ballot_party_DEM_REP,,true,2008,1546,1.24416552,1.31950958,true,2008,6,1546,1.24416552,1.31950958,2012,2008,-18.54719217,-29.50725725,-22.16401365,1,0,1,0,0,0,1,0,1,0,0,0,1,0,1
32,2014,AR,Arkansas,Class II,false,Mark L. Pryor,Tom Cotton,334174,478819,847505,812993,-17.06715595,-17.79166610,R,ballot_party_DEM_REP,,false,,,,,true,2002,12,1650,7.79124037,7.79124037,2012,2008,-28.22542191,-27.72112864,-28.05900513,1,0,1,0,1,-1,1,0,1,0,0,0,1,0,1
23,2014,CO,Colorado,Class II,false,Mark Udall,Cory Gardner,944203,983891,2041058,1928094,-1.94448173,-2.05840587,R,ballot_party_DEM_REP,,true,2008,1548,10.30351845,10.81305764,true,2008,6,1548,10.30351845,10.81305764,2012,2008,1.57940310,1.72358197,1.62698213,1,0,1,1,1,0,1,0,1,0,0,0,0,0,0
24,2014,DE,Delaware,Class II,false,Christopher A. Coons,Kevin Wade,130655,98823,234038,229478,13.60121006,13.87148223,D,ballot_party_DEM_REP,,true,2008,1549,29.37302516,29.37302516,true,2010,4,1513,16.57731570,17.15415818,2012,2008,14.97729863,17.89858988,15.94132474,1,0,1,0,0,0,1,0,1,0,0,0,0,0,0
17,2014,GA,Georgia,Class II,false,Mary Michelle Nunn,David A. Perdue,1160811,1358088,2567805,2518899,-7.68270955,-7.83187416,R,ballot_party_DEM_REP,,true,2008,1550,-2.92350269,-3.02674307,true,2008,6,1550,-2.92350269,-3.02674307,2012,2008,-11.82990940,-12.63435844,-12.09537758,0,0,0,0,0,0,0,0,0,0,0,0,0,0,0
34,2014,HI,Hawaii,Class III,true,Brian Schatz,Cam Cavasso,246827,98006,369703,344833,40.25420405,43.15741243,D,ballot_party_DEM_REP,,false,,,,,true,2010,4,1516,53.23746637,55.23718597,2012,2008,39.49108580,38.60976434,39.20024972,1,0,1,0,0,0,1,0,1,0,0,0,0,0,0
26,2014,IA,Iowa,Class II,false,Bruce L. Braley,Joni K. Ernst,494370,588575,1129700,1082945,-8.33893954,-8.69896440,R,ballot_party_DEM_REP,,true,2008,1554,25.39453250,25.41562033,true,2008,6,1554,25.39453250,25.41562033,2012,2008,2.00209265,2.31986816,2.10695857,0,0,0,1,0,1,0,0,0,0,0,0,0,0,0
27,2014,ID,Idaho,Class II,false,Nels Mitchell,James E. Risch,151574,285596,437170,437170,-30.65672393,-30.65672393,R,ballot_party_DEM_REP,,true,2008,1552,-23.54927262,-25.66412067,true,2008,6,1552,-23.54927262,-25.66412067,2012,2008,-36.75938489,-33.42686703,-35.65965400,0,1,-1,0,0,0,0,1,-1,0,1,-1,0,0,0
4,2014,IL,Illinois,Class II,false,Richard J. Durbin,James D. Oberweis,1929637,1538522,3603519,3468159,10.85369607,11.27730880,D,ballot_party_DEM_REP,,true,2008,1553,39.31085555,40.79114722,true,2008,6,1553,39.31085555,40.79114722,2012,2008,13.23843558,18.09084067,14.83972926,1,0,1,1,0,1,1,0,1,0,0,0,0,0,0
15,2014,KY,Kentucky,Class II,false,Alison Lundergan Grimes,Mitch McConnell,584698,806787,1435868,1391485,-15.46722958,-15.96057449,R,ballot_party_DEM_REP,,true,2008,1556,-5.93123914,-5.93123914,true,2008,6,1556,-5.93123914,-5.93123914,2012,2008,-27.00215599,-23.84454260,-25.96014357,0,1,-1,0,0,0,0,1,-1,0,0,0,0,0,0
31,2014,MA,Massachusetts,Class II,false,Edward J. Markey,Brian J. Herr,1289944,791950,2186789,2081894,22.77284182,23.92023801,D,ballot_party_DEM_REP,,true,2008,1559,33.70711200,36.09121820,true,2013,1,1472,10.18172017,10.26038321,2012,2008,19.65475029,19.01646901,19.44411747,1,0,1,1,0,1,1,0,1,0,0,0,0,0,0
9,2014,ME,Maine,Class II,false,Shenna Bellows,Susan M. Collins,190254,413505,616996,603759,-36.18354090,-36.97684010,R,ballot_party_DEM_REP,,true,2008,1558,-22.74753944,-22.76702450,true,2008,6,1558,-22.74753944,-22.76702450,2012,2008,11.80323158,10.28136255,11.30101480,0,1,-1,0,0,0,0,1,-1,0,0,0,0,1,-1
2,2014,MI,Michigan,Class II,false,Gary C. Peters,Terri Lynn Land,1704936,1290199,3121771,2995135,13.28531145,13.84702192,D,ballot_party_DEM_REP,,true,2008,1560,28.81883917,29.86065047,true,2008,6,1560,28.81883917,29.86065047,2012,2008,5.68445294,9.36491573,6.89900566,0,0,0,1,0,1,0,0,0,0,0,0,0,0,0
6,2014,MN,Minnesota,Class II,false,Al Franken,Mike McFadden,1053205,850227,1981528,1903432,10.24350905,10.66379046,D,ballot_party_DEM_REP,,true,2008,1561,0.01080465,0.01286627,true,2008,6,1561,0.01080465,0.01286627,2012,2008,3.96584172,3.08106257,3.67386460,1,0,1,0,0,0,1,0,1,0,0,0,0,0,0
18,2014,MS,Mississippi,Class II,false,Travis W. Childers,Thad Cochran,239439,378481,631858,617920,-22.00526068,-22.50161833,R,ballot_party_DEM_REP,,true,2008,1562,-22.87009252,-22.87009252,true,2008,6,1562,-22.87009252,-22.87009252,2012,2008,-15.52040960,-20.66154941,-17.21698574,0,1,-1,1,1,0,0,1,-1,0,0,0,0,0,0
5,2014,MT,Montana,Class II,false,Amanda G. Curtis,Steve Daines,148184,213709,369826,361893,-17.71779161,-18.10618056,R,ballot_party_DEM_REP,,true,2008,1564,45.83195508,45.83195508,true,2008,6,1564,45.83195508,45.83195508,2012,2008,-17.98507493,-9.71649399,-15.25644322,0,0,0,0,1,-1,0,0,0,0,0,0,0,0,0
14,2014,NC,North Carolina,Class II,false,Kay R. Hagan,Thomas Roland Tillis,1377651,1423259,2915281,2800910,-1.56444610,-1.62832794,R,ballot_party_DEM_REP,,true,2008,1569,8.46918401,8.74587032,true,2008,6,1569,8.46918401,8.74587032,2012,2008,-5.98468101,-7.04576082,-6.33483735,1,0,1,0,0,0,1,0,1,0,0,0,1,0,1
1,2014,NE,Nebraska,Class II,false,Dave Domina,Ben Sasse,170127,347636,540337,517763,-32.85153525,-34.28383256,R,ballot_party_DEM_REP,,true,2008,1565,-17.46322764,-17.89683309,true,2008,6,1565,-17.46322764,-17.89683309,2012,2008,-26.17539174,-22.59583626,-24.99413843,0,0,0,0,0,0,0,0,0,0,0,0,0,0,0
8,2014,NH,New Hampshire,Class II,false,Jeanne Shaheen,Scott Brown,251184,235347,488159,486531,3.24422985,3.25508549,D,ballot_party_DEM_REP,,true,2008,1566,6.33791363,6.54463685,true,2008,6,1566,6.33791363,6.54463685,2012,2008,1.75089275,2.35939482,1.95169843,1,1,0,0,0,0,1,0,1,1,0,1,0,0,0
10,2014,NJ,New Jersey,Class II,false,Cory A. Booker,Jeff Bell,1043866,791297,1869535,1835163,13.50972301,13.76275568,D,ballot_party_DEM_REP,,true,2008,1567,14.07611606,14.36571194,true,2013,1,1471,10.90401651,11.02031885,2012,2008,13.98731990,8.35157232,12.12752320,1,0,1,0,0,0,1,0,1,0,0,0,0,0,0
3,2014,NM,New Mexico,Class II,false,Tom Udall,Allen E. Weh,286409,229097,515506,515506,11.11762036,11.11762036,D,ballot_party_DEM_REP,,true,2008,1568,22.65598252,22.65598252,true,2008,6,1568,22.65598252,22.65598252,2012,2008,6.67379809,7.95211262,7.09564188,1,0,1,1,0,1,1,0,1,0,0,0,0,0,0
29,2014,OK,Oklahoma,Class II,false,Matt Silverstein,James M. Inhofe,234307,558166,820733,792473,-39.45972685,-40.86688127,R,ballot_party_DEM_REP,,true,2008,1570,-17.49596642,-18.25087076,true,2008,6,1570,-17.49596642,-18.25087076,2012,2008,-37.46125069,-38.66784967,-37.85942835,0,1,-1,0,1,-1,0,1,-1,0,0,0,0,0,0
35,2014,OK,Oklahoma,Class III,true,Constance N. Johnson,James Lankford,237923,557002,820890,794925,-38.86988512,-40.13951002,R,ballot_party_DEM_REP,,false,,,,,true,2010,4,1535,-44.50352013,-45.98901144,2012,2008,-37.46125069,-38.66784967,-37.85942835,0,0,0,0,1,-1,0,0,0,0,0,0,0,0,0
20,2014,OR,Oregon,Class II,false,Jeff Merkley,Monica Wehby,814537,538847,1461618,1353384,18.86197351,20.37041963,D,ballot_party_DEM_REP,,true,2008,1571,3.35122297,3.54784011,true,2008,6,1571,3.35122297,3.54784011,2012,2008,8.62572315,9.44975493,8.89765364,1,0,1,0,0,0,1,0,1,0,0,0,0,0,0
33,2014,RI,Rhode Island,Class II,false,Jack Reed,Mark S. Zaccaria,223675,92684,316898,316359,41.33538236,41.40580796,D,ballot_party_DEM_REP,,true,2008,1572,46.59626446,46.80896849,true,2008,6,1572,46.59626446,46.80896849,2012,2008,24.11688075,21.01858760,23.09444401,1,0,1,1,0,1,1,0,1,0,0,0,0,0,0
11,2014,SC,South Carolina,Class II,false,Charles Bradley Hutto,Lindsey Graham,480933,672941,1240075,1153874,-15.48357962,-16.64029175,R,ballot_party_DEM_REP,,true,2008,1573,-15.27777407,-15.31276193,true,2008,6,1573,-15.27777407,-15.31276193,2012,2008,-14.53312061,-16.46654580,-15.17115093,0,1,-1,0,1,-1,0,1,-1,0,0,0,0,0,0
36,2014,SC,South Carolina,Class III,true,Joyce Dickerson,Tim Scott,459583,727215,1208982,1186798,-22.13697144,-22.55076264,R,ballot_party_DEM_REP,,false,,,,,true,2010,4,1538,-33.83189490,-37.96024908,2012,2008,-14.53312061,-16.46654580,-15.17115093,0,1,-1,0,1,-1,0,1,-1,0,0,0,0,0,0
22,2014,SD,South Dakota,Class II,false,Richard P. Weiland,M. Michael Rounds,82456,140741,279412,223197,-20.85987717,-26.11370225,R,ballot_party_DEM_REP,,true,2008,1574,24.98338469,24.98338469,true,2008,6,1574,24.98338469,24.98338469,2012,2008,-22.35360948,-15.96910189,-20.24672198,0,0,0,0,0,0,0,0,0,0,1,-1,0,0,0
28,2014,TN,Tennessee,Class II,false,William Gordon Ball,Lamar Alexander,437848,850087,1374065,1287935,-30.00141915,-32.00774884,R,ballot_party_DEM_REP,,true,2008,1575,-33.50020725,-34.61185923,true,2008,6,1575,-33.50020725,-34.61185923,2012,2008,-24.61875426,-22.64063102,-23.96597359,0,1,-1,0,0,0,0,1,-1,0,1,-1,0,0,0
19,2014,TX,Texas,Class II,false,David M. Alameel,John Cornyn,1597387,2861531,4648358,4458918,-27.19549570,-28.35091383,R,ballot_party_DEM_REP,,true,2008,1576,-11.98300067,-12.27027784,true,2008,6,1576,-11.98300067,-12.27027784,2012,2008,-19.93240564,-19.24956092,-19.70706688,0,1,-1,0,0,0,0,1,-1,0,0,0,0,0,0
16,2014,VA,Virginia,Class II,false,Mark R. Warner,Ed W. Gillespie,1073667,1055940,2184473,2129607,0.81150007,0.83240711,D,ballot_party_DEM_REP,,true,2008,1577,31.30400676,31.69669917,true,2008,6,1577,31.30400676,31.69669917,2012,2008,0.01814217,-1.01251861,-0.32197589,1,0,1,0,0,0,1,0,1,1,0,1,1,0,1
30,2014,WV,West Virginia,Class II,false,Natalie E. Tennant,Shelley Moore Capito,156360,281820,453689,438180,-27.65330436,-28.63206901,R,ballot_party_DEM_REP,,true,2008,1578,27.47099563,27.47565114,true,2008,6,1578,27.47099563,27.47565114,2012,2008,-31.26520647,-20.72517495,-27.78699607,0,0,0,0,1,-1,0,0,0,0,0,0,0,0,0
13,2014,WY,Wyoming,Class II,false,Charlie Hardy,Michael B. Enzi,29377,121554,171153,150931,-53.85649098,-61.07227806,R,ballot_party_DEM_REP,,true,2008,1579,-51.36456179,-51.43245073,true,2008,6,1579,-51.36456179,-51.43245073,2012,2008,-46.23787923,-40.50173413,-44.34495135,0,1,-1,0,0,0,0,1,-1,0,0,0,0,0,0
96,2018,AZ,Arizona,Class I,false,Kyrsten Sinema,Martha McSally,1191100,1135200,2384308,2326300,2.34449576,2.40295749,D,ballot_party_DEM_REP,,true,2012,1473,-3.02729491,-3.17211732,true,2012,6,1473,-3.02729491,-3.17211732,2016,2012,-6.00670742,-13.14337165,-8.36180662,0,0,0,1,1,0,0,0,0,0,0,0,0,0,0
98,2018,CT,Connecticut,Class I,false,Christopher S. Murphy,Matthew M. Corey,825579,545717,1386840,1371296,20.17983329,20.40857700,D,ballot_party_DEM_REP,,true,2012,1475,11.75262806,12.00608170,true,2012,6,1475,11.75262806,12.00608170,2016,2012,12.05643441,13.62854375,12.57523049,1,0,1,1,0,1,1,0,1,0,0,0,0,0,0
99,2018,DE,Delaware,Class I,false,Thomas R. Carper,Rob Arlett,217385,137127,362606,354512,22.13366574,22.63900799,D,ballot_party_DEM_REP,,true,2012,1476,37.46565367,39.28341839,true,2012,6,1476,37.46565367,39.28341839,2016,2012,9.77058227,14.97729863,11.48879867,1,0,1,1,0,1,1,0,1,1,0,1,0,0,0
100,2018,FL,Florida,Class I,false,Bill Nelson,Rick Scott,4089472,4099505,8190005,8188977,-0.12250298,-0.12251836,R,ballot_party_DEM_REP,,true,2012,1477,13.00599540,13.34529734,true,2012,6,1477,13.00599540,13.34529734,2016,2012,-3.46433157,-3.03210693,-3.32169744,1,0,1,1,0,1,1,0,1,0,1,-1,1,0,1
101,2018,HI,Hawaii,Class I,false,Mazie K. Hirono,Ronald C. Curtis,276316,112035,398657,388351,41.20860790,42.30219569,D,ballot_party_DEM_REP,,true,2012,1478,24.81820116,25.20308584,true,2012,6,1478,24.81820116,25.20308584,2016,2012,32.65601428,39.49108580,34.91158788,1,0,1,1,0,1,1,0,1,0,0,0,0,0,0
102,2018,IN,Indiana,Class I,false,Joe Donnelly,Mike Braun,1023553,1158000,2282565,2181553,-5.89017180,-6.16290322,R,ballot_party_DEM_REP,,true,2012,1479,5.76383285,6.11064592,true,2012,6,1479,5.76383285,6.11064592,2016,2012,-22.46127967,-14.31736040,-19.77378631,1,0,1,1,0,1,1,0,1,0,0,0,1,0,1
105,2018,MA,Massachusetts,Class I,false,Elizabeth Ann Warren,Geoff Diehl,1633371,979210,2752665,2612581,23.76464263,25.03887918,D,ballot_party_DEM_REP,,true,2012,1482,7.48377298,7.55447798,true,2012,6,1482,7.48377298,7.55447798,2016,2012,27.07589676,19.65475029,24.62691842,1,0,1,0,0,0,1,0,1,0,0,0,0,0,0
104,2018,MD,Maryland,Class I,false,Benjamin L. Cardin,Tony Campbell,1491614,697017,2299889,2188631,34.54936303,36.30566322,D,ballot_party_DEM_REP,,true,2012,1481,29.64935893,36.02316964,true,2012,6,1481,29.64935893,36.02316964,2016,2012,25.80583875,22.72684037,24.78976928,1,0,1,1,0,1,1,0,1,0,0,0,0,0,0
103,2018,ME,Maine,Class I,false,Angus S. King Jr.,Eric L. Brakey,344575,223502,646064,568077,18.74009386,21.31277978,D,manual_alignment_hypothesis_A,1,true,2012,1480,21.41254553,26.48234834,true,2012,6,1480,21.41254553,26.48234834,2016,2012,0.96692164,11.80323158,4.54290392,1,0,1,0,0,0,1,0,1,1,0,1,0,0,0
106,2018,MI,Michigan,Class I,false,Debbie Stabenow,John James,2214478,1938818,4237271,4153296,6.50560231,6.63713831,D,ballot_party_DEM_REP,,true,2012,1483,20.81360557,21.50553871,true,2012,6,1483,20.81360557,21.50553871,2016,2012,-2.46199706,5.68445294,0.22633144,1,0,1,1,0,1,1,0,1,0,0,0,0,0,0
107,2018,MN,Minnesota,Class I,false,Amy Klobuchar,Jim Newberger,1566174,940437,2596879,2506611,24.09573184,24.96346661,D,ballot_party_DEM_REP,,true,2012,1484,34.70099082,36.23860405,true,2012,6,1484,34.70099082,36.23860405,2016,2012,-0.56327321,3.96584172,0.93133472,1,0,1,0,0,0,1,0,1,0,0,0,0,0,0
129,2018,MN,Minnesota,Class II,true,Tina Smith,Karin Housley,1370540,1095777,2587356,2466317,10.61945090,11.14061980,D,ballot_party_DEM_REP,,false,,,,,true,2014,4,6,10.24350905,10.66379046,2016,2012,-0.56327321,3.96584172,0.93133472,1,0,1,0,0,0,1,0,1,0,0,0,0,0,0
109,2018,MO,Missouri,Class I,false,Claire McCaskill,Josh Hawley,1112935,1254927,2442289,2367862,-5.81389017,-5.99663325,R,ballot_party_DEM_REP,,true,2012,1486,15.70060529,16.71556749,true,2012,6,1486,15.70060529,16.71556749,2016,2012,-21.86378261,-13.47394471,-19.09513611,1,0,1,0,0,0,1,0,1,0,0,0,1,0,1
108,2018,MS,Mississippi,Class I,false,David Baria,Roger F. Wicker,369567,547619,936215,917186,-19.01828106,-19.41285628,R,ballot_party_DEM_REP,,true,2012,1485,-16.60472886,-16.99449259,true,2012,6,1485,-16.60472886,-16.99449259,2016,2012,-20.40635527,-15.52040960,-18.79399320,0,1,-1,0,1,-1,0,1,-1,0,0,0,0,0,0
110,2018,MT,Montana,Class I,false,Jon Tester,Matt Rosendale,253876,235963,504384,489839,3.55146079,3.65691584,D,ballot_party_DEM_REP,,true,2012,1487,3.71801360,3.97909171,true,2012,6,1487,3.71801360,3.97909171,2016,2012,-24.44598926,-17.98507493,-22.31388753,1,0,1,0,0,0,1,0,1,0,0,0,1,0,1
116,2018,ND,North Dakota,Class I,false,Heidi Heitkamp,Kevin Cramer,144376,179720,326138,324096,-10.83713029,-10.90541074,R,ballot_party_DEM_REP,,true,2012,1493,0.91423162,0.91825182,true,2012,6,1493,0.91423162,0.91825182,2016,2012,-41.84514642,-24.13902778,-36.00212727,1,0,1,0,1,-1,1,0,1,0,0,0,1,0,1
111,2018,NE,Nebraska,Class I,false,Jane Raybould,Deb Fischer,269917,403151,698883,673068,-19.06384903,-19.79502814,R,ballot_party_DEM_REP,,true,2012,1488,-15.54886554,-15.54886554,true,2012,6,1488,-15.54886554,-15.54886554,2016,2012,-29.32200885,-26.17539174,-28.28362520,0,1,-1,0,0,0,0,1,-1,0,0,0,0,0,0
113,2018,NJ,New Jersey,Class I,false,Bob Menendez,Bob Hugin,1711654,1357355,3169310,3069009,11.17905790,11.54441059,D,ballot_party_DEM_REP,,true,2012,1490,19.49109902,19.84032384,true,2012,6,1490,19.49109902,19.84032384,2016,2012,12.34171966,13.98731990,12.88476774,1,0,1,1,0,1,1,0,1,0,0,0,0,0,0
114,2018,NM,New Mexico,Class I,false,Martin Heinrich,Mick Rich,376998,212813,697012,589811,23.55554854,27.83688334,D,ballot_party_DEM_REP,,true,2012,1491,5.73052348,5.95158887,true,2012,6,1491,5.73052348,5.95158887,2016,2012,7.07492925,6.67379809,6.94255596,1,0,1,1,0,1,1,0,1,0,0,0,0,0,0
112,2018,NV,Nevada,Class I,false,Jacky S. Rosen,Dean Heller,490071,441202,972132,931273,5.02699222,5.24754825,D,ballot_party_DEM_REP,,true,2012,1489,-1.16014652,-1.28090504,true,2012,6,1489,-1.16014652,-1.28090504,2016,2012,0.36075822,2.89847312,1.19820414,0,1,-1,1,1,0,0,1,-1,0,0,0,0,1,-1
115,2018,NY,New York,Class I,false,Kirsten E. Gillibrand,Chele Farley,4056931,1998220,6250886,6055151,32.93470718,33.99933379,D,ballot_party_DEM_REP,,true,2012,1492,42.90531977,46.51511255,true,2012,6,1492,42.90531977,46.51511255,2016,2012,21.31822175,24.63524287,22.41283872,1,0,1,1,0,1,1,0,1,0,0,0,0,0,0
117,2018,OH,Ohio,Class I,false,Sherrod Brown,Jim Renacci,2355923,2053963,4410898,4409886,6.84577154,6.84734254,D,ballot_party_DEM_REP,,true,2012,1494,6.00067755,6.28997142,true,2012,6,1494,6.00067755,6.28997142,2016,2012,-10.76202978,-0.88849767,-7.50376418,1,0,1,1,1,0,1,0,1,0,0,0,1,0,1
118,2018,PA,Pennsylvania,Class I,false,Robert P. Casey Jr.,Lou Barletta,2792437,2134848,5009400,4927285,13.12710105,13.34586897,D,ballot_party_DEM_REP,,true,2012,1495,9.10242736,9.26195408,true,2012,6,1495,9.10242736,9.26195408,2016,2012,-2.97773224,1.54725680,-1.48448586,1,0,1,0,1,-1,1,0,1,0,0,0,1,0,1
119,2018,RI,Rhode Island,Class I,false,Sheldon Whitehouse,Bob Flanders,231477,144421,376738,375898,23.10783622,23.15947411,D,ballot_party_DEM_REP,,true,2012,1496,29.84583526,29.91257166,true,2012,6,1496,29.84583526,29.91257166,2016,2012,14.41898881,24.11688075,17.61929315,1,0,1,0,0,0,1,0,1,0,0,0,0,0,0
120,2018,TN,Tennessee,Class I,false,Phil Bredesen,Marsha Blackburn,985450,1227483,2243740,2212933,-10.78703415,-10.93720415,R,ballot_party_DEM_REP,,true,2012,1497,-34.48498521,-36.18641022,true,2012,6,1497,-34.48498521,-36.18641022,2016,2012,-29.47534671,-24.61875426,-27.87267120,0,0,0,0,1,-1,0,0,0,1,0,1,0,0,0
121,2018,TX,Texas,Class I,false,Beto O'Rourke,Ted Cruz,4045632,4260553,8371655,8306185,-2.56724626,-2.58748150,R,ballot_party_DEM_REP,,true,2012,1498,-15.83265330,-16.30909708,true,2012,6,1498,-15.83265330,-16.30909708,2016,2012,-11.65311178,-19.93240564,-14.38527875,0,1,-1,1,0,1,0,1,-1,0,0,0,0,0,0
122,2018,UT,Utah,Class I,false,Jenny Wilson,Mitt Romney,328541,665215,1062897,993756,-31.67512939,-33.87894010,R,ballot_party_DEM_REP,,true,2012,1499,-35.32968981,-37.07577326,true,2012,6,1499,-35.32968981,-37.07577326,2016,2012,-26.99245731,-53.16898900,-35.63071277,0,0,0,0,0,0,0,0,0,0,1,-1,0,0,0
124,2018,VA,Virginia,Class I,false,Timothy Michael Kaine,Corey Stewart,1910370,1374313,3351373,3284683,15.99514587,16.31990058,D,ballot_party_DEM_REP,,true,2012,1501,5.90514008,5.91538802,true,2012,6,1501,5.90514008,5.91538802,2016,2012,3.42609193,0.01814217,2.30146851,1,0,1,0,0,0,1,0,1,1,0,1,0,0,0
123,2018,VT,Vermont,Class I,false,Bernie Sanders,Lawrence Zupan,183649,74815,278013,258464,39.14709024,42.10799183,D,manual_alignment_hypothesis_A,,true,2012,1500,46.09546321,48.06836072,true,2012,6,1500,46.09546321,48.06836072,2016,2012,28.14619203,32.57790645,29.60865778,1,0,1,1,0,1,1,0,1,0,0,0,0,0,0
125,2018,WA,Washington,Class I,false,Maria Cantwell,Susan Hutchison,1803364,1282804,3086168,3086168,16.86751985,16.86751985,D,ballot_party_DEM_REP,,true,2012,1502,20.90198236,20.90198236,true,2012,6,1502,20.90198236,20.90198236,2016,2012,15.34720178,11.33998534,14.02482035,1,0,1,1,0,1,1,0,1,0,0,0,0,0,0
127,2018,WI,Wisconsin,Class I,false,Tammy Baldwin,Leah Vukmir,1472914,1184885,2660763,2657799,10.82505281,10.83712500,D,ballot_party_DEM_REP,,true,2012,1504,5.54852760,5.70430065,true,2012,6,1504,5.54852760,5.70430065,2016,2012,-3.04263870,3.01024876,-1.04518584,1,0,1,1,0,1,1,0,1,0,0,0,1,0,1
126,2018,WV,West Virginia,Class I,false,"Joe Manchin, III",Patrick Morrisey,290510,271113,586034,561623,3.30987622,3.45374032,D,ballot_party_DEM_REP,,true,2012,1503,24.10035110,24.83451306,true,2012,6,1503,24.10035110,24.83451306,2016,2012,-46.54876512,-31.26520647,-41.50519077,1,0,1,0,0,0,1,0,1,1,0,1,1,0,1
128,2018,WY,Wyoming,Class I,false,Gary Trauner,John Barrasso,61227,136210,205275,197437,-36.52807210,-37.97819051,R,ballot_party_DEM_REP,,true,2012,1505,-52.74471480,-55.49651864,true,2012,6,1505,-52.74471480,-55.49651864,2016,2012,-53.63729988,-46.23787923,-51.19549107,0,1,-1,0,0,0,0,1,-1,0,0,0,0,0,0
8917,2022,AL,Alabama,Class III,false,Will Boyd,Katie Britt,436746,942154,1414238,1378900,-35.73712487,-36.65298426,R,ballot_party_DEM_REP,,true,2016,68,-28.09153204,-28.14048094,true,2016,6,68,-28.09153204,-28.14048094,2020,2016,-30.35872835,-30.97494781,-30.56208077,0,0,0,0,0,0,0,0,0,0,0,0,0,0,0
8920,2022,AR,Arkansas,Class III,false,Natalie James,John Boozman,280187,592437,901306,872624,-34.64417190,-35.78288014,R,ballot_party_DEM_REP,,true,2016,83,-23.60061471,-24.59866778,true,2016,6,83,-23.60061471,-24.59866778,2020,2016,-32.96084524,-30.79693600,-32.24675519,0,1,-1,0,1,-1,0,1,-1,0,0,0,0,0,0
8919,2022,AZ,Arizona,Class III,false,Mark Kelly,Blake Masters,1322027,1196308,2572294,2518335,4.88742733,4.99214759,D,ballot_party_DEM_REP,,true,2016,87,-12.96155655,-13.72183030,true,2020,2,6268,2.34869015,2.34952274,2020,2016,-4.22231533,-6.00670742,-4.81116472,1,0,1,0,0,0,1,0,1,0,0,0,1,0,1
9480,2022,CA,California,Class III,true,Alex Padilla,Mark P. Meuser,6559303,4212446,10771749,10771749,21.78714896,21.78714896,D,ballot_party_DEM_REP,,false,,,,,true,2010,12,1510,10.01058983,10.60932043,2020,2016,25.28184403,30.02976097,26.84865662,1,0,1,0,0,0,1,0,1,0,0,0,0,0,0
8921,2022,CA,California,Class III,false,Alex Padilla,Mark P. Meuser,6621616,4222025,10843641,10843641,22.12901552,22.12901552,D,ballot_party_DEM_REP,,false,,,,,true,2010,12,1510,10.01058983,10.60932043,2020,2016,25.28184403,30.02976097,26.84865662,1,0,1,0,0,0,1,0,1,0,0,0,0,0,0
8922,2022,CO,Colorado,Class III,false,Michael Bennet,Joe O'Dea,1397170,1031693,2500130,2428863,14.61831985,15.04724639,D,ballot_party_DEM_REP,,true,2016,74,5.66499078,6.00890632,true,2016,6,74,5.66499078,6.00890632,2020,2016,9.34066030,3.14000612,7.29444442,1,0,1,0,0,0,1,0,1,0,0,0,0,0,0
8923,2022,CT,Connecticut,Class III,false,Richard Blumenthal,Leora R. Levy,723864,535943,1259887,1259807,14.91570276,14.91664993,D,ballot_party_DEM_REP,,true,2016,91,28.57231456,29.21173227,true,2016,6,91,28.57231456,29.21173227,2020,2016,15.85411949,12.05643441,14.60088341,1,0,1,0,0,0,1,0,1,0,0,0,0,0,0
8924,2022,FL,Florida,Class III,false,Val Demings,Marco Rubio,3201522,4474847,7758014,7676369,-16.41302787,-16.58759499,R,ballot_party_DEM_REP,,true,2016,93,-7.66627391,-7.96115651,true,2016,6,93,-7.66627391,-7.96115651,2020,2016,-7.92548801,-3.46433157,-6.45330639,0,1,-1,1,0,1,0,1,-1,0,0,0,0,0,0
8925,2022,GA,Georgia,Class III,false,Raphael Warnock,Herschel Junior Walker,1946117,1908442,3935924,3854559,0.95720852,0.97741402,D,ballot_party_DEM_REP,,true,2016,88,-13.75055949,-14.35083410,true,2016,6,88,-13.75055949,-14.35083410,2020,2016,-4.29731936,-7.54900582,-5.37037589,1,0,1,0,0,0,1,0,1,0,0,0,1,0,1
8926,2022,HI,Hawaii,Class III,false,Brian Schatz,Bob McDermott,290894,106358,419363,397252,44.00388208,46.45313302,D,ballot_party_DEM_REP,,true,2016,64,48.88476091,53.58728839,true,2016,6,64,48.88476091,53.58728839,2020,2016,25.52935061,32.65601428,27.88114962,1,0,1,0,0,0,1,0,1,0,0,0,0,0,0
8930,2022,IA,Iowa,Class III,false,Michael Franken,Chuck Grassley,533330,681501,1230416,1214831,-12.04234990,-12.19684055,R,ballot_party_DEM_REP,,true,2016,92,-24.43466603,-25.52053011,true,2016,6,92,-24.43466603,-25.52053011,2020,2016,-12.90250486,-12.35375631,-12.72141784,0,1,-1,0,1,-1,0,1,-1,0,0,0,0,0,0
8927,2022,ID,Idaho,Class III,false,David Roth,Mike Crapo,169808,358539,590890,528347,-31.94012422,-35.72103182,R,ballot_party_DEM_REP,,true,2016,80,-38.40793704,-40.91980429,true,2016,6,80,-38.40793704,-40.91980429,2020,2016,-36.29026454,-38.84701398,-37.13399185,0,1,-1,0,1,-1,0,1,-1,0,0,0,0,0,0
8928,2022,IL,Illinois,Class III,false,Tammy Duckworth,Kathy Salvi,2329136,1701055,4098896,4030191,15.32317483,15.58439786,D,ballot_party_DEM_REP,,true,2016,84,15.08132555,15.93510275,true,2016,6,84,15.08132555,15.93510275,2020,2016,12.78210878,15.81344216,13.78244879,1,0,1,1,0,1,1,0,1,0,0,0,0,0,0
8929,2022,IN,Indiana,Class III,false,Thomas McDermott,Todd Young,704480,1090390,1860154,1794870,-20.74613177,-21.50072150,R,ballot_party_DEM_REP,,true,2016,78,-9.69952564,-10.26133806,true,2016,6,78,-9.69952564,-10.26133806,2020,2016,-20.92607470,-22.46127967,-21.43269234,0,1,-1,0,1,-1,0,1,-1,0,0,0,0,0,0
8931,2022,KS,Kansas,Class III,false,Mark R. Holland,Jerry Moran,372214,602976,1004956,975190,-22.96239835,-23.66328613,R,ballot_party_DEM_REP,,true,2016,60,-29.93712657,-31.70856278,true,2016,6,60,-29.93712657,-31.70856278,2020,2016,-19.52283520,-24.44960131,-21.14866801,0,1,-1,0,1,-1,0,1,-1,0,0,0,0,0,0
8932,2022,KY,Kentucky,Class III,false,Charles Booker,Rand Paul,564311,913326,1477830,1477637,-23.61672182,-23.61980649,R,ballot_party_DEM_REP,,true,2016,81,-14.54878340,-14.54910443,true,2016,6,81,-14.54878340,-14.54910443,2020,2016,-30.93618449,-33.56791866,-31.80465676,0,1,-1,0,0,0,0,1,-1,0,0,0,0,0,0
8935,2022,MD,Maryland,Class III,false,Chris Van Hollen,Chris Chaffee,1316897,682293,2002336,1999190,31.69318236,31.74305594,D,ballot_party_DEM_REP,,true,2016,82,25.21302780,26.11051851,true,2016,6,82,25.21302780,26.11051851,2020,2016,29.52211541,25.80583875,28.29574411,1,0,1,1,0,1,1,0,1,0,0,0,0,0,0
8936,2022,MO,Missouri,Class III,false,Trudy Busch Valentine,Eric Schmitt,872694,1146966,2069130,2019660,-13.25542619,-13.58010754,R,ballot_party_DEM_REP,,true,2016,70,-2.79229484,-2.92153758,true,2016,6,70,-2.79229484,-2.92153758,2020,2016,-20.20761998,-21.86378261,-20.75415365,0,0,0,0,0,0,0,0,0,0,0,0,0,0,0
8940,2022,NC,North Carolina,Class III,false,Cheri Beasley,Ted Budd,1784049,1905786,3773924,3689835,-3.22574063,-3.29925322,R,ballot_party_DEM_REP,,true,2016,62,-5.69608664,-5.90712011,true,2016,6,62,-5.69608664,-5.90712011,2020,2016,-5.90437999,-6.03415223,-5.94720483,0,0,0,0,1,-1,0,0,0,0,0,0,0,0,0
8941,2022,ND,North Dakota,Class III,false,Katrina Christiansen,John Hoeven,59995,135474,240140,195469,-31.43124844,-38.61430713,R,ballot_party_DEM_REP,,true,2016,77,-61.50989340,-64.44460759,true,2016,6,77,-61.50989340,-64.44460759,2020,2016,-38.97079553,-41.84514642,-39.91933132,0,1,-1,0,0,0,0,1,-1,0,1,-1,0,0,0
8938,2022,NH,New Hampshire,Class III,false,Maggie Hassan,Donald C. Bolduc,332193,275928,620975,608121,9.06075124,9.25227052,D,ballot_party_DEM_REP,,true,2016,85,0.13759234,0.14358708,true,2016,6,85,0.13759234,0.14358708,2020,2016,2.96177301,-1.83260374,1.37962868,1,0,1,0,0,0,1,0,1,1,0,1,0,0,0
8937,2022,NV,Nevada,Class III,false,Catherine Cortez Masto,Adam Paul Laxalt,498316,490388,1020850,988704,0.77660773,0.80185779,D,ballot_party_DEM_REP,,true,2016,63,2.42850724,2.64631939,true,2016,6,63,2.42850724,2.64631939,2020,2016,-2.08974401,0.36075822,-1.28107827,1,0,1,0,0,0,1,0,1,0,0,0,1,0,1
8939,2022,NY,New York,Class III,false,Charles E. Schumer,Joe Pinion,3320561,2501151,5965684,5821712,13.73539061,14.07506933,D,ballot_party_DEM_REP,,true,2016,61,40.37884351,43.60541164,true,2016,6,61,40.37884351,43.60541164,2020,2016,18.89769110,21.31822175,19.69646621,1,0,1,1,0,1,1,0,1,0,0,0,0,0,0
8942,2022,OH,Ohio,Class III,false,Tim Ryan,JD Vance,1939489,2192114,4133342,4131603,-6.11188235,-6.11445485,R,ballot_party_DEM_REP,,true,2016,67,-20.87122291,-21.92667708,true,2016,6,67,-20.87122291,-21.92667708,2020,2016,-12.68937398,-10.76202978,-12.05335039,0,0,0,1,0,1,0,0,0,0,0,0,0,0,0
9482,2022,OK,Oklahoma,Class II,true,Kendra Horn,Markwayne Mullin,405389,710643,1150481,1116032,-26.53272848,-27.35172468,R,ballot_party_DEM_REP,,false,,,,,true,2020,2,6289,-30.15862001,-31.52502211,2020,2016,-38.41605768,-40.83613510,-39.21468323,0,0,0,1,1,0,0,0,0,0,0,0,0,0,0
8943,2022,OK,Oklahoma,Class III,false,Madison Horn,James Lankford,369370,739960,1150732,1109330,-32.20471839,-33.40665086,R,ballot_party_DEM_REP,,true,2016,76,-43.16027035,-46.75191483,true,2016,6,76,-43.16027035,-46.75191483,2020,2016,-38.41605768,-40.83613510,-39.21468323,0,1,-1,0,1,-1,0,1,-1,0,0,0,0,0,0
8944,2022,OR,Oregon,Class III,false,Ron Wyden,Jo Rae Perkins,1076424,788991,1927949,1865415,14.90874499,15.40852840,D,ballot_party_DEM_REP,,true,2016,65,23.25316854,25.85164202,true,2016,6,65,23.25316854,25.85164202,2020,2016,12.07833528,10.08501727,11.42054034,1,0,1,1,0,1,1,0,1,0,0,0,0,0,0
8945,2022,PA,Pennsylvania,Class III,false,John Fetterman,Mehmet Oz,2751012,2487260,5368021,5238272,4.91339360,5.03509554,D,ballot_party_DEM_REP,,true,2016,86,-1.43245312,-1.49036036,true,2016,6,86,-1.43245312,-1.49036036,2020,2016,-3.35756817,-2.97773224,-3.23222231,0,0,0,0,0,0,0,0,0,0,0,0,0,0,0
8946,2022,SC,South Carolina,Class III,false,Krystle Matthews,Tim Scott,627616,1066274,1695702,1693890,-25.86881421,-25.89648678,R,ballot_party_DEM_REP,,true,2016,66,-23.63962412,-24.24594635,true,2016,6,66,-23.63962412,-24.24594635,2020,2016,-16.38919619,-17.14717334,-16.63932865,0,1,-1,0,1,-1,0,1,-1,0,0,0,0,0,0
8947,2022,SD,South Dakota,Class III,false,Brian L. Bengs,John R. Thune,91007,242316,348020,333323,-43.47709902,-45.39410722,R,ballot_party_DEM_REP,,true,2016,79,-43.65572316,-43.65572316,true,2016,6,79,-43.65572316,-43.65572316,2020,2016,-31.40553841,-34.17037678,-32.31793507,0,1,-1,0,1,-1,0,1,-1,0,0,0,0,0,0
8949,2022,VT,Vermont,Class III,false,Peter Welch,Gerald Malloy,196575,80468,291955,277043,39.76879999,41.90937869,D,ballot_party_DEM_REP,,true,2016,75,27.64902470,29.94659997,true,2016,6,75,27.64902470,29.94659997,2020,2016,32.06239442,28.14619203,30.77004763,0,0,0,1,0,1,0,0,0,0,0,0,0,0,0
8950,2022,WA,Washington,Class III,false,Patty Murray,Tiffany Smiley,1741827,1299322,3047900,3041149,14.51835690,14.55058598,D,ballot_party_DEM_REP,,true,2016,72,18.02602089,18.02602089,true,2016,6,72,18.02602089,18.02602089,2020,2016,15.31502768,15.34720178,15.32564513,1,0,1,0,0,0,1,0,1,0,0,0,0,0,0
8951,2022,WI,Wisconsin,Class III,false,Mandela Barnes,Ron Johnson,1310467,1337185,2652477,2647652,-1.00728489,-1.00912053,R,ballot_party_DEM_REP,,true,2016,71,-3.36197720,-3.46652885,true,2016,6,71,-3.36197720,-3.46652885,2020,2016,-3.89785215,-3.04263870,-3.61563171,0,1,-1,0,0,0,0,1,-1,0,0,0,0,0,0
