cycle,election_date,snapshot_45d,president,president_party_sign_D_plus1_R_minus1,generic_modeldate,generic_dem,generic_rep,generic_margin_d_minus_r,generic_lag_days,approval_end_date,approval,disapproval,net_approval,approval_lag_days
2006,2006-11-07,2006-09-23,George W. Bush,-1,2006-09-23,47.75354,38.55129,9.20225000,0,2006-09-17,44.0,51.0,-7.00000000,6
2008,2008-11-04,2008-09-20,George W. Bush,-1,2008-09-20,47.03083,40.09179,6.93904000,0,2008-09-11,31.0,65.0,-34.00000000,9
2010,2010-11-02,2010-09-18,Barack Obama,1,2010-09-18,41.03725,44.65506,-3.61781000,0,2010-09-12,46.0,46.0,0.00000000,6
2012,2012-11-06,2012-09-22,Barack Obama,1,2012-09-22,45.70617,42.8113,2.89487000,0,2012-09-16,50.0,44.0,6.00000000,6
2014,2014-11-04,2014-09-20,Barack Obama,1,2014-09-20,41.80774,43.61237,-1.80463000,0,2014-09-14,41.0,54.0,-13.00000000,6
2016,2016-11-08,2016-09-24,Barack Obama,1,2016-09-24,44.52044,41.78274,2.73770000,0,2016-09-18,52.0,44.0,8.00000000,6
2018,2018-11-06,2018-09-22,Donald J. Trump I,-1,2016-11-06,45.08583,42.72195,2.36388000,685,2018-09-16,38.0,56.0,-18.00000000,6
2020,2020-11-03,2020-09-19,Donald J. Trump I,-1,2016-11-06,45.08583,42.72195,2.36388000,1413,2020-09-13,42.0,56.0,-14.00000000,6
2022,2022-11-08,2022-09-24,Joseph R. Biden Jr.,1,2016-11-06,45.08583,42.72195,2.36388000,2148,2022-09-16,42.0,56.0,-14.00000000,8
