cycle,race_id,state,side,candidate,score,fec_candidate_id,fec_candidate_name,party,pcc
2014,23,CO,D,Mark Udall,0.5345454545454545,,,,
2014,23,CO,R,Cory Gardner,0.6633333333333333,,,,
2014,24,DE,D,Christopher A. Coons,0.7642105263157895,,,,
2014,24,DE,R,Kevin Wade,0.6254545454545454,,,,
2014,17,GA,D,Mary Michelle Nunn,0.8022222222222222,,,,
2014,17,GA,R,David A. Perdue,0.5415384615384615,,,,
2014,27,ID,D,Nels Mitchell,0.5371428571428571,,,,
2014,27,ID,R,James E. Risch,0.6184615384615384,,,,
2014,4,IL,D,Richard J. Durbin,0.6425,,,,
2014,4,IL,R,James D. Oberweis,0.58,,,,
2014,26,IA,D,Bruce L. Braley,0.58,,,,
2014,26,IA,R,Joni K. Ernst,0.58,,,,
2014,15,KY,D,Alison Lundergan Grimes,0.7756521739130434,,,,
2014,15,KY,R,Mitch McConnell,0.6799999999999999,,,,
2014,5,MT,D,Amanda G. Curtis,0.5085714285714286,,,,
2014,5,MT,R,Steve Daines,0.5599999999999999,,,,
2014,1,NE,D,Dave Domina,0.5599999999999999,,,,
2014,1,NE,R,Ben Sasse,0.6514285714285714,,,,
2014,9,ME,D,Shenna Bellows,0.58,,,,
2014,9,ME,R,Susan M. Collins,0.5466666666666666,,,,
2014,10,NJ,D,Cory A. Booker,0.5415384615384615,,,,
2014,10,NJ,R,Jeff Bell,0.5561904761904761,,,,
2014,8,NH,D,Jeanne Shaheen,0.58,,,,
2014,8,NH,R,Scott Brown,0.5345454545454545,,,,
2014,30,WV,D,Natalie E. Tennant,0.5175,,,,
2014,30,WV,R,Shelley Moore Capito,0.73,,,,
2014,16,VA,D,Mark R. Warner,0.5961290322580645,,,,
2014,16,VA,R,Ed W. Gillespie,0.6425,,,,
2014,19,TX,D,David M. Alameel,0.5466666666666666,,,,
2014,19,TX,R,John Cornyn,0.6254545454545454,,,,
2014,28,TN,D,William Gordon Ball,0.6799999999999999,,,,
2014,28,TN,R,Lamar Alexander,0.6799999999999999,,,,
2014,22,SD,D,Richard P. Weiland,0.6205405405405405,,,,
2014,22,SD,R,M. Michael Rounds,0.5664864864864865,,,,
2014,11,SC,D,Charles Bradley Hutto,0.7942857142857143,,,,
2014,11,SC,R,Lindsey Graham,0.5648484848484848,,,,
2014,33,RI,D,Jack Reed,0.58,,,,
2014,33,RI,R,Mark S. Zaccaria,0.6133333333333333,,,,
2014,20,OR,D,Jeff Merkley,0.5175,,,,
2014,20,OR,R,Monica Wehby,0.58,,,,
2014,29,OK,D,Matt Silverstein,0.58,,,,
2014,29,OK,R,James M. Inhofe,0.58,,,,
2014,14,NC,D,Kay R. Hagan,0.5345454545454545,,,,
2014,14,NC,R,Thomas Roland Tillis,0.5042424242424243,,,,
2014,3,NM,D,Tom Udall,0.6355555555555555,,,,
2014,3,NM,R,Allen E. Weh,0.58,,,,
2014,18,MS,D,Travis W. Childers,0.5505882352941176,,,,
2014,18,MS,R,Thad Cochran,0.6633333333333333,,,,
2014,6,MN,D,Al Franken,0.7799999999999999,,,,
2014,6,MN,R,Mike McFadden,0.6317241379310344,,,,
2014,2,MI,D,Gary C. Peters,0.58,,,,
2014,2,MI,R,Terri Lynn Land,0.7466666666666666,,,,
2014,12,AK,D,Mark Begich,0.6254545454545454,,,,
2014,12,AK,R,Dan Sullivan,0.7466666666666666,,,,
2014,32,AR,D,Mark L. Pryor,0.5961290322580645,,,,
2014,32,AR,R,Tom Cotton,0.6017391304347826,,,,
2014,34,HI,D,Brian Schatz,0.58,,,,
2014,34,HI,R,Cam Cavasso,0.5985185185185184,,,,
2014,35,OK,D,Constance N. Johnson,0.6381395348837209,,,,
2014,35,OK,R,James Lankford,0.5648484848484848,,,,
2014,13,WY,D,Charlie Hardy,0.58,,,,
2014,13,WY,R,Michael B. Enzi,0.7228571428571429,,,,
2014,31,MA,D,Edward J. Markey,0.6911111111111111,,,,
2014,31,MA,R,Brian J. Herr,0.6633333333333333,,,,
2014,36,SC,D,Joyce Dickerson,0.6799999999999999,,,,
2014,36,SC,R,Tim Scott,0.4966666666666667,,,,
2018,112,NV,D,Jacky S. Rosen,0.4966666666666667,,,,
2018,112,NV,R,Dean Heller,0.6254545454545454,,,,
2018,107,MN,D,Amy Klobuchar,0.7723076923076923,,,,
2018,107,MN,R,Jim Newberger,0.58,,,,
2018,116,ND,D,Heidi Heitkamp,0.6514285714285714,,,,
2018,116,ND,R,Kevin Cramer,0.5985185185185184,,,,
2018,119,RI,D,Sheldon Whitehouse,0.6355555555555555,,,,
2018,119,RI,R,Bob Flanders,0.6133333333333333,,,,
2018,123,VT,D,Bernie Sanders,0.4670967741935484,,,,
2018,123,VT,R,Lawrence Zupan,0.6514285714285714,,,,
2018,128,WY,D,Gary Trauner,0.6633333333333333,,,,
2018,128,WY,R,John Barrasso,0.6514285714285714,,,,
2018,124,VA,D,Timothy Michael Kaine,0.7942857142857143,,,,
2018,124,VA,R,Corey Stewart,0.5316129032258065,,,,
2018,129,MN,D,Tina Smith,0.58,,,,
2018,129,MN,R,Karin Housley,0.6184615384615384,,,,
2018,125,WA,D,Maria Cantwell,0.6514285714285714,,,,
2018,125,WA,R,Susan Hutchison,0.6799999999999999,,,,
2018,122,UT,D,Jenny Wilson,0.58,,,,
2018,122,UT,R,Mitt Romney,0.5147826086956522,,,,
2018,104,MD,D,Benjamin L. Cardin,0.668235294117647,,,,
2018,104,MD,R,Tony Campbell,0.5648484848484848,,,,
2018,101,HI,D,Mazie K. Hirono,0.58,,,,
2018,101,HI,R,Ronald C. Curtis,0.5599999999999999,,,,
2018,99,DE,D,Thomas R. Carper,0.6133333333333333,,,,
2018,99,DE,R,Rob Arlett,0.6799999999999999,,,,
2018,127,WI,D,Tammy Baldwin,0.6184615384615384,,,,
2018,127,WI,R,Leah Vukmir,0.6254545454545454,,,,
2018,114,NM,D,Martin Heinrich,0.5124324324324324,,,,
2018,114,NM,R,Mick Rich,0.5244444444444444,,,,
2018,113,NJ,D,Bob Menendez,0.6725925925925925,,,,
2018,113,NJ,R,Bob Hugin,0.5561904761904761,,,,
2018,105,MA,D,Elizabeth Ann Warren,0.58,,,,
2018,105,MA,R,Geoff Diehl,0.5345454545454545,,,,
2018,115,NY,D,Kirsten E. Gillibrand,0.5010526315789473,,,,
2018,115,NY,R,Chele Farley,0.49176470588235294,,,,
2018,111,NE,D,Jane Raybould,0.6953846153846154,,,,
2018,111,NE,R,Deb Fischer,0.6184615384615384,,,,
2018,108,MS,D,David Baria,0.58,,,,
2018,108,MS,R,Roger F. Wicker,0.58,,,,
2018,109,MO,D,Claire McCaskill,0.6425,,,,
2018,109,MO,R,Josh Hawley,0.48000000000000004,,,,
2018,110,MT,D,Jon Tester,0.6799999999999999,,,,
2018,110,MT,R,Matt Rosendale,0.7228571428571429,,,,
2018,117,OH,D,Sherrod Brown,0.6184615384615384,,,,
2018,117,OH,R,Jim Renacci,0.6184615384615384,,,,
2018,118,PA,D,Robert P. Casey Jr.,0.6514285714285714,,,,
2018,118,PA,R,Lou Barletta,0.7466666666666666,,,,
2018,120,TN,D,Phil Bredesen,0.6514285714285714,,,,
2018,120,TN,R,Marsha Blackburn,0.58,,,,
2018,121,TX,D,Beto O'Rourke,0.5648484848484848,,,,
2018,121,TX,R,Ted Cruz,0.3527272727272727,,,,
2018,96,AZ,D,Kyrsten Sinema,0.58,,,,
2018,96,AZ,R,Martha McSally,0.58,,,,
2018,126,WV,D,"Joe Manchin, III",0.7163636363636363,,,,
2018,126,WV,R,Patrick Morrisey,0.6514285714285714,,,,
2018,98,CT,D,Christopher S. Murphy,0.8241860465116279,S2CT00132,"MURPHY, CHRISTOPHER S MR",DEM,C00492645
2018,98,CT,R,Matthew M. Corey,0.6745945945945946,,,,
2018,100,FL,D,Bill Nelson,0.6254545454545454,,,,
2018,100,FL,R,Rick Scott,0.58,,,,
2018,102,IN,D,Joe Donnelly,0.6317241379310344,,,,
2018,102,IN,R,Mike Braun,0.58,,,,
2018,106,MI,D,Debbie Stabenow,0.6133333333333333,,,,
2018,106,MI,R,John James,0.6114285714285714,,,,
2018,103,ME,D,Angus S. King Jr.,0.41333333333333333,,,,
2018,103,ME,R,Eric L. Brakey,0.58,,,,
2022,8926,HI,D,Brian Schatz,0.58,,,,
2022,8926,HI,R,Bob McDermott,0.6606451612903226,,,,
2022,8927,ID,D,David Roth,0.5985185185185184,,,,
2022,8927,ID,R,Mike Crapo,0.48000000000000004,,,,
2022,8931,KS,D,Mark R. Holland,0.5175,,,,
2022,8931,KS,R,Jerry Moran,0.5345454545454545,,,,
2022,8919,AZ,D,Mark Kelly,0.58,,,,
2022,8919,AZ,R,Blake Masters,0.6184615384615384,,,,
2022,8922,CO,D,Michael Bennet,0.6133333333333333,,,,
2022,8922,CO,R,Joe O'Dea,0.5345454545454545,,,,
2022,8924,FL,D,Val Demings,0.7163636363636363,,,,
2022,8924,FL,R,Marco Rubio,0.5345454545454545,,,,
2022,8940,NC,D,Cheri Beasley,0.6184615384615384,,,,
2022,8940,NC,R,Ted Budd,0.42782608695652175,,,,
2022,8937,NV,D,Catherine Cortez Masto,0.6254545454545454,,,,
2022,8937,NV,R,Adam Paul Laxalt,0.5244444444444444,,,,
2022,8928,IL,D,Tammy Duckworth,0.6425,,,,
2022,8928,IL,R,Kathy Salvi,0.5985185185185184,,,,
2022,8943,OK,D,Madison Horn,0.6633333333333333,,,,
2022,8943,OK,R,James Lankford,0.5648484848484848,,,,
2022,9482,OK,D,Kendra Horn,0.6254545454545454,,,,
2022,9482,OK,R,Markwayne Mullin,0.6425,,,,
2022,8946,SC,D,Krystle Matthews,0.58,,,,
2022,8946,SC,R,Tim Scott,0.5345454545454545,,,,
2022,8951,WI,D,Mandela Barnes,0.58,,,,
2022,8951,WI,R,Ron Johnson,0.7163636363636363,,,,
2022,8938,NH,D,Maggie Hassan,0.6184615384615384,,,,
2022,8938,NH,R,Donald C. Bolduc,0.6133333333333333,,,,
2022,8941,ND,D,Katrina Christiansen,0.6799999999999999,,,,
2022,8941,ND,R,John Hoeven,0.6254545454545454,,,,
2022,8947,SD,D,Brian L. Bengs,0.6184615384615384,,,,
2022,8947,SD,R,John R. Thune,0.58,,,,
2022,8950,WA,D,Patty Murray,0.58,,,,
2022,8950,WA,R,Tiffany Smiley,0.58,,,,
2022,8949,VT,D,Peter Welch,0.5345454545454545,,,,
2022,8949,VT,R,Gerald Malloy,0.5599999999999999,,,,
2022,8935,MD,D,Chris Van Hollen,0.705,,,,
2022,8935,MD,R,Chris Chaffee,0.6184615384615384,,,,
2022,8932,KY,D,Charles Booker,0.6094117647058823,,,,
2022,8932,KY,R,Rand Paul,0.6633333333333333,,,,
2022,8942,OH,D,Tim Ryan,0.511578947368421,,,,
2022,8942,OH,R,JD Vance,0.668235294117647,,,,
2022,8944,OR,D,Ron Wyden,0.5147826086956522,,,,
2022,8944,OR,R,Jo Rae Perkins,0.58,,,,
2022,8939,NY,D,Charles E. Schumer,0.6094117647058823,,,,
2022,8939,NY,R,Joe Pinion,0.6017391304347826,,,,
2022,8930,IA,D,Michael Franken,0.58,,,,
2022,8930,IA,R,Chuck Grassley,0.58,,,,
2022,9480,CA,D,Alex Padilla,0.6633333333333333,,,,
2022,9480,CA,R,Mark P. Meuser,0.58,,,,
2022,8921,CA,D,Alex Padilla,0.6633333333333333,,,,
2022,8921,CA,R,Mark P. Meuser,0.58,,,,
2022,8945,PA,D,John Fetterman,0.6254545454545454,,,,
2022,8945,PA,R,Mehmet Oz,0.7466666666666666,,,,
2022,8923,CT,D,Richard Blumenthal,0.6355555555555555,,,,
2022,8923,CT,R,Leora R. Levy,0.5345454545454545,,,,
2022,8929,IN,D,Thomas McDermott,0.6094117647058823,,,,
2022,8929,IN,R,Todd Young,0.4966666666666667,,,,
2022,8936,MO,D,Trudy Busch Valentine,0.7942857142857143,,,,
2022,8936,MO,R,Eric Schmitt,0.6633333333333333,,,,
2022,8925,GA,D,Raphael Warnock,0.5466666666666666,,,,
2022,8925,GA,R,Herschel Junior Walker,0.58,,,,
2022,8920,AR,D,Natalie James,0.68,,,,
2022,8920,AR,R,John Boozman,0.58,,,,
2022,8917,AL,D,Will Boyd,0.52,,,,
2022,8917,AL,R,Katie Britt,0.5985185185185184,,,,
