BUILDING_EN,PROJECT_ERA,CHAIN,PRODUCTION_COST,GOLD_MAINTENANCE,FOOD_FLAT,PRODUCTION_FLAT,GOLD_FLAT,SCIENCE_FLAT,CULTURE_FLAT,FAITH_FLAT,LOCAL_HAPPINESS,CITY_DEFENSE_STRENGTH,CITY_HP,FOOD_CARRYOVER_PERCENT,PRODUCTION_PERCENT,BUILDING_PRODUCTION_PERCENT,GOLD_PERCENT,SCIENCE_PERCENT,CULTURE_PERCENT,UNIT_XP_BONUS,SPECIALIST_TYPE,SPECIALIST_SLOTS,GPP_TYPE,FLAT_GPP,GREAT_WORK_TYPE,GREAT_WORK_SLOTS,AIR_CAPACITY_CHANGE,SPECIAL_EFFECTS,SOURCE_GRADE,NUMERIC_STATUS,NUMERIC_BASIS,VP_DISTRESS_REDUCTION,VP_POVERTY_REDUCTION,VP_ILLITERACY_REDUCTION,VP_BOREDOM_REDUCTION,VP_RELIGIOUS_UNREST_REDUCTION,MILITARY_SUPPLY_FLAT,MILITARY_SUPPLY_PERCENT,HEALTH_POINTS_PROVISIONAL,STABILITY_POINTS_PROVISIONAL,VP_AUDIT_STATUS,VP_AUDIT_REASON,POWER_LOAD,POWERED_BONUS,POWER_SOURCE_RULE,HEALTH_EFFECT_TYPE,HEALTH_POINTS_FINAL,SPONTANEOUS_PLAGUE_RISK_MULT,PLAGUE_DURATION_MOD_TURNS,HEALTH_OTHER_EFFECT,STABILITY_POINTS_FINAL,FINAL_MERGE_STATUS,FINAL_MERGE_SOURCES
Palace,Ancient,CAPITAL_ADMIN,0,0,0,3,5,6,1,0,0,2,0,0,0,0,0,0,0,0,,0,,0,Literature,3,0,AUTO_CAPITAL_BUILDING=1; VP_EVENT_TOURISM=7; VP_SCIENCE_PER_POPULATION=0.34; VP_NO_UNHAPPY_SPECIALIST_DIVISOR=1,A_CIV5_BNW_EXACT,VP_V2_AUDITED_PROVISIONAL,Civ5 BNW direct numeric anchor; VP 2026 master verified/adapted building-system pass; project Health/Stability values provisional.,0,0,0,0,0,0,0,0,2,VP_EXACT_ADOPTED,"VP verified: Palace yields 3 Production, 5 Gold, 6 Science, 1 Culture and 3 Literature slots; project adds provisional capital Stability +2.",0,,,NONE,0,1.00,0,,2,MERGED_V5,BASE_V2;STABILITY_BUILDING_V1
Walls,Ancient,CITY_DEFENSE,75,0,0,0,0,0,0,0,0,5,50,0,0,0,0,0,0,0,,0,,0,,0,0,,A_CIV5_BNW_EXACT,VP_V2_AUDITED_PROVISIONAL,Civ5 BNW direct numeric anchor; VP 2026 master verified/adapted building-system pass; project Health/Stability values provisional.,0,0,0,0,0,0,5,0,0,PROJECT_VP_ADAPTED,VP defense-line adaptation: +5% city military supply; existing defense/HP values retained.,0,,,NONE,0,1.00,0,,0,MERGED_V5,BASE_V2
Monument,Ancient,CULTURE_MEDIA,40,1,0,0,0,0,2,0,0,0,0,0,0,0,0,0,0,0,,0,,0,Art/Artifact,1,0,,A_CIV5_BNW_EXACT,VP_V2_AUDITED_PROVISIONAL,Civ5 BNW direct numeric anchor; VP 2026 master verified/adapted building-system pass; project Health/Stability values provisional.,0,0,0,0,0,0,0,0,0,VP_EXACT_ADOPTED,VP verified: Monument keeps 2 Culture and gains one Art/Artifact slot.,0,,,NONE,0,1.00,0,,0,MERGED_V5,BASE_V2
Granary,Ancient,FOOD_HEALTH,60,1,1,0,0,0,0,0,0,0,0,15,0,0,0,0,0,0,,0,,0,,0,0,WORKED_WHEAT_BANANAS_DEER_FOOD=+1; VP_INSTANT_FOOD_ON_BUILD=25,A_CIV5_BNW_EXACT,VP_V2_AUDITED_PROVISIONAL,Civ5 BNW direct numeric anchor; Health & Plague layer must be audited before V2 lock; 47-resource/More Luxuries interaction audit required; More Luxuries adds no direct Granary building effect; Health-resource effects belong to Health system/resource layer; VP 2026 master verified/adapted building-system pass; project Health/Stability values provisional.,0,0,0,0,0,0,0,1,0,VP_EXACT_ADOPTED,"VP verified: Granary +1 Food, 15% food kept, instant Food 25. Project Health +1 provisional for food storage/sanitation role.",0,,,FLAT,1,1.00,0,,0,MERGED_V5,BASE_V2;HEALTH_V1
Water Mill,Ancient,FOOD_HEALTH,75,2,2,1,0,0,0,0,0,0,0,0,0,0,0,0,0,0,,0,,0,,0,0,,A_CIV5_BNW_EXACT,LOCKED_BUILDING_V1,Civ5 BNW direct numeric anchor,0,0,0,0,0,0,0,0,0,KEEP_V1_BASE,No verified VP numeric conflict; retain project/Civ5/Civ6 baseline pending global cost curve.,0,,,NONE,0,1.00,0,,0,MERGED_V5,BASE_V2;HEALTH_V1
Courthouse,Ancient,GOVERNMENT_DIPLOMACY,100,4,0,0,0,0,0,0,0,0,0,0,0,0,0,0,0,0,,0,,0,,0,0,REMOVE_OCCUPIED_STATUS=1; OCCUPATION_UNREST_REDUCTION=BASE_ADMIN_RULE,B_CIV5_FUNCTIONAL_REMAP,VP_V2_AUDITED_PROVISIONAL,Civ5 functional remap/adaptation; VP 2026 master verified/adapted building-system pass; project Health/Stability values provisional.,0,0,0,0,0,0,0,0,2,PROJECT_VP_ADAPTED,Occupation/administration building: provisional local Stability +2; occupied-status removal retained.,0,,,NONE,0,1.00,0,,2,MERGED_V5,BASE_V2;STABILITY_BUILDING_V1
Government Plaza,Ancient,GOVERNMENT_DIPLOMACY,80,1,0,0,0,0,0,0,0,0,0,0,0,0,0,0,0,0,,0,,0,,0,0,GOVERNMENT_BUILDING_CENTER=1; UNLOCK_TIERED_GOVERNMENT_BUILDING_CHOICES=1,B_CIV6_ADAPTED,VP_V2_AUDITED_PROVISIONAL,Civ6/direct-city adaptation to Civ5 scale; VP 2026 master verified/adapted building-system pass; project Health/Stability values provisional.,0,0,0,0,0,0,0,0,2,PROJECT_VP_ADAPTED,Central government hub: provisional Stability +2; tier building unlock role retained.,0,,,NONE,0,1.00,0,,2,MERGED_V5,BASE_V2;STABILITY_BUILDING_V1
Stone Works,Ancient,INDUSTRY_POWER,75,1,0,1,0,0,0,0,1,0,0,0,0,0,0,0,0,0,,0,,0,,0,0,WORKED_STONE_MARBLE_PRODUCTION=+1,A_CIV5_BNW_EXACT,LOCKED_BUILDING_V1,"Civ5 BNW direct numeric anchor; Health & Plague layer must be audited before V2 lock; 47-resource/More Luxuries interaction audit required; More Luxuries Amber/Jade/Lapis are Mine resources, not Stone Works/Quarry bonuses; no added building synergy adopted",0,0,0,0,0,0,0,0,0,KEEP_V1_BASE,No verified VP numeric conflict; retain project/Civ5/Civ6 baseline pending global cost curve.,0,,,NONE,0,1.00,0,,0,MERGED_V5,BASE_V2
Barracks,Ancient,MILITARY_TRAINING,75,1,0,0,0,1,0,0,0,0,0,0,0,0,0,0,0,15,,0,,0,,0,0,,A_CIV5_BNW_EXACT,VP_V2_AUDITED_PROVISIONAL,Civ5 BNW direct numeric anchor; VP 2026 master verified/adapted building-system pass; project Health/Stability values provisional.,1,0,0,0,0,1,0,0,0,VP_EXACT_ADOPTED,"VP verified: Barracks gives Supply +1, Distress reduction 1 and +1 Science; existing XP retained.",0,,,NONE,0,1.00,0,,0,MERGED_V5,BASE_V2
Grove,Ancient,RELIGION_NATURE,80,1,0,0,0,0,0,1,0,0,0,0,0,0,0,0,0,0,,0,,0,,0,0,UNIMPROVED_NATURAL_TILE_FAITH=+1; APPEAL_SYSTEM_NOT_REQUIRED,B_CIV6_ADAPTED,LOCKED_BUILDING_V1,Civ6/direct-city adaptation to Civ5 scale,0,0,0,0,0,0,0,0,0,KEEP_V1_BASE,No verified VP numeric conflict; retain project/Civ5/Civ6 baseline pending global cost curve.,0,,,NONE,0,1.00,0,,0,MERGED_V5,BASE_V2
Shrine,Ancient,RELIGION_NATURE,40,1,0,0,0,0,0,2,0,0,0,0,0,0,0,0,0,0,,0,,0,Music,1,0,,A_CIV5_BNW_EXACT,VP_V2_AUDITED_PROVISIONAL,Civ5 BNW direct numeric anchor; VP 2026 master verified/adapted building-system pass; project Health/Stability values provisional.,0,0,0,0,0,0,0,0,0,VP_EXACT_ADOPTED,VP verified: Shrine yields 2 Faith and has one Music slot.,0,,,NONE,0,1.00,0,,0,MERGED_V5,BASE_V2
Library,Ancient,SCIENCE_EDUCATION,75,1,0,0,0,2,0,0,0,0,0,0,0,0,0,0,0,0,Scientist,1,,0,,0,0,VP_NO_UNHAPPY_SPECIALIST_DIVISOR=1,A_CIV5_BNW_EXACT,VP_V2_AUDITED_PROVISIONAL,Civ5 BNW direct numeric anchor; VP 2026 master verified/adapted building-system pass; project Health/Stability values provisional.,0,0,1,0,0,0,0,0,0,VP_EXACT_ADOPTED,"VP verified: Library is +2 Science, one Scientist slot, Illiteracy reduction 1; Civ5 science-per-2-pop effect removed.",0,,,NONE,0,1.00,0,,0,MERGED_V5,BASE_V2
Space Launch Center,Atomic,AIR_SPACE,600,5,0,0,0,0,0,0,0,0,0,0,0,0,0,0,0,0,,0,,0,,0,0,REQUIRED_FOR_MAJOR_SPACE_PROJECTS=1,B_CIV6_ADAPTED,LOCKED_BUILDING_V1,Civ6/direct-city adaptation to Civ5 scale,0,0,0,0,0,0,0,0,0,KEEP_V1_BASE,No verified VP numeric conflict; retain project/Civ5/Civ6 baseline pending global cost curve.,0,,,NONE,0,1.00,0,,0,MERGED_V5,BASE_V2
Flood Barrier,Information,ENVIRONMENT_INFRA,500,3,0,0,0,0,0,0,0,0,0,0,0,0,0,0,0,0,,0,,0,,0,0,COASTAL_LOWLAND_FLOOD_DAMAGE_IMMUNITY=1; COASTAL_FLOOD_RISK_CITY_ONLY=1,B_CIV6_ADAPTED,LOCKED_BUILDING_V1,Civ6/direct-city adaptation to Civ5 scale,0,0,0,0,0,0,0,0,0,KEEP_V1_BASE,No verified VP numeric conflict; retain project/Civ5/Civ6 baseline pending global cost curve.,0,,,NONE,0,1.00,0,,0,MERGED_V5,BASE_V2
Nuclear Power Plant,Atomic,INDUSTRY_POWER,500,3,0,5,0,0,0,0,0,0,0,0,15,0,0,0,0,0,,0,,0,,0,0,REPLACES_POWER_PLANT_OUTPUT=1; POWER_SOURCE=URANIUM; POWER_SYSTEM_OUTPUT=POWER_V4; POLLUTION_LOWER_THAN_COAL=1,B_CIV6_ADAPTED,LOCKED_BUILDING_V1,Civ6/direct-city adaptation to Civ5 scale,0,0,0,0,0,0,0,0,0,KEEP_V1_BASE,No verified VP numeric conflict; retain project/Civ5/Civ6 baseline pending global cost curve.,0,,Uranium capacity 1 -> 16 Power; network radius 6; emission MINUSCULE,NONE,0,1.00,0,,0,MERGED_V5,BASE_V2;POWER_V4
Recycling Center,Information,INDUSTRY_POWER,500,3,0,0,2,0,0,0,0,0,0,0,0,0,0,0,0,0,,0,,0,,0,0,OLD_CIV5_ALUMINUM_EFFECT_REMOVED=1; CITY_POLLUTION_PERCENT=-25,B_CIV5_FUNCTIONAL_REMAP,VP_V2_AUDITED_PROVISIONAL,Civ5 functional remap/adaptation; Health & Plague layer must be audited before V2 lock; Health & Plague building-health value not yet recovered exactly; GS/project pollution layer also applies; VP 2026 master verified/adapted building-system pass; project Health/Stability values provisional.,0,0,0,0,0,0,0,2,0,PROJECT_VP_ADAPTED,Project environmental/Health adaptation: Health +2 provisional and existing pollution -25% retained.,0,,,FLAT,2,1.00,0,Existing CITY_POLLUTION_PERCENT=-25 remains separate and indirectly improves Health through pollution penalty.,0,MERGED_V5,BASE_V2;HEALTH_V1
Solar Plant,Information,INDUSTRY_POWER,500,3,0,5,0,0,0,0,0,0,0,0,15,0,0,0,0,0,,0,,0,,0,0,REPLACES_POWER_PLANT_OUTPUT=1; POWER_SOURCE=SOLAR; POWER_SYSTEM_OUTPUT=POWER_V4,A_CIV5_BNW_EXACT,LOCKED_BUILDING_V1,Civ5 BNW direct numeric anchor,0,0,0,0,0,0,0,0,0,KEEP_V1_BASE,No verified VP numeric conflict; retain project/Civ5/Civ6 baseline pending global cost curve.,0,,Fixed 6 Power; network radius 6; emission ZERO,NONE,0,1.00,0,,0,MERGED_V5,BASE_V2;POWER_V4
Caravansary,Classical,COMMERCE_TRADE,120,0,0,0,1,0,0,0,0,0,0,0,0,0,0,0,0,0,,0,,0,,0,0,VP_LAND_TRADE_GOLD=+3; VP_FINISH_LAND_TRADE_TOURISM=10; VP_DESERT_TUNDRA_FOOD_GOLD_PER_TILE=0.5,A_CIV5_BNW_EXACT,VP_V2_AUDITED_PROVISIONAL,Civ5 BNW direct numeric anchor; VP 2026 master verified/adapted building-system pass; project Health/Stability values provisional.,0,0,0,0,0,0,0,0,0,VP_EXACT_ADOPTED,"VP verified: Caravansary +1 Gold, land trade Gold +3, trade-finish Tourism 10 and desert/tundra scaling yields.",0,,,NONE,0,1.00,0,,0,MERGED_V5,BASE_V2
Market,Classical,COMMERCE_TRADE,100,0,0,0,3,0,0,0,0,0,0,0,0,0,25,0,0,0,Merchant,1,,0,,0,0,,A_CIV5_BNW_EXACT,VP_V2_AUDITED_PROVISIONAL,Civ5 BNW direct numeric anchor; 47-resource/More Luxuries interaction audit required; More Luxuries defines no direct Market bonus; keep BNW market values; VP 2026 master verified/adapted building-system pass; project Health/Stability values provisional.,0,0,0,0,0,0,0,0,0,VP_EXACT_ADOPTED,VP verified Market gains +3 flat Gold; existing project 25% Gold and Merchant slot retained.,0,,,NONE,0,1.00,0,,0,MERGED_V5,BASE_V2
Mint,Classical,COMMERCE_TRADE,100,0,0,0,0,0,0,0,0,0,0,0,0,0,0,0,0,0,,0,,0,,0,0,WORKED_GOLD_SILVER_GOLD=+2,A_CIV5_BNW_EXACT,LOCKED_BUILDING_V1,Civ5 BNW direct numeric anchor; 47-resource/More Luxuries interaction audit required; More Luxuries defines no direct Mint bonus; keep Gold/Silver-only source behavior unless later project override,0,0,0,0,0,0,0,0,0,KEEP_V1_BASE,No verified VP numeric conflict; retain project/Civ5/Civ6 baseline pending global cost curve.,0,,,NONE,0,1.00,0,,0,MERGED_V5,BASE_V2
Amphitheater,Classical,CULTURE_MEDIA,100,2,0,0,0,0,2,0,0,0,0,0,0,0,0,0,0,0,,0,,0,Writing,2,0,VP_GREAT_WRITER_RATE_PERCENT=33,A_CIV5_BNW_EXACT,VP_V2_AUDITED_PROVISIONAL,Civ5 BNW direct numeric anchor; VP 2026 master verified/adapted building-system pass; project Health/Stability values provisional.,0,0,0,0,0,0,0,0,0,VP_EXACT_ADOPTED,"VP verified: Amphitheater/Theater has 2 Culture, two Great Work slots and +33% Great Writer generation.",0,,,NONE,0,1.00,0,,0,MERGED_V5,BASE_V2
Writers' Guild,Classical,CULTURE_MEDIA,100,1,0,0,0,0,0,0,0,0,0,0,0,0,0,0,0,0,Writer,2,Great Writer,1,,0,0,,A_CIV5_BNW_EXACT,LOCKED_BUILDING_V1,Civ5 BNW direct numeric anchor,0,0,0,0,0,0,0,0,0,KEEP_V1_BASE,No verified VP numeric conflict; retain project/Civ5/Civ6 baseline pending global cost curve.,0,,,NONE,0,1.00,0,,0,MERGED_V5,BASE_V2
Arena,Classical,ENTERTAINMENT,100,1,0,0,0,0,1,0,0,0,0,0,0,0,0,0,0,0,,0,,0,,0,0,DIRECT_CITY_ENTERTAINMENT_BUILDING=1,B_CIV6_ADAPTED,VP_V2_AUDITED_PROVISIONAL,Civ6/direct-city adaptation to Civ5 scale; VP 2026 master verified/adapted building-system pass; project Health/Stability values provisional.,0,0,0,1,0,0,0,0,0,VP_EXACT_ADOPTED,"VP verified Arena/Colosseum: direct Happiness removed, Boredom reduction 1, +1 Culture.",0,,,NONE,0,1.00,0,,0,MERGED_V5,BASE_V2
Circus,Classical,ENTERTAINMENT,75,0,0,0,0,0,0,0,1,0,0,0,0,0,0,0,0,0,,0,,0,,0,0,VP_WLTKD_TURNS=10; VP_INSTANT_CULTURE=100,A_CIV5_BNW_EXACT,VP_V2_AUDITED_PROVISIONAL,Civ5 BNW direct numeric anchor; VP 2026 master verified/adapted building-system pass; project Health/Stability values provisional.,0,0,0,1,0,0,0,0,0,VP_EXACT_ADOPTED,"VP verified: Circus +1 Happiness, Boredom reduction 1, 10 WLTKD turns and instant 100 Culture.",0,,,NONE,0,1.00,0,,0,MERGED_V5,BASE_V2
Aqueduct,Classical,FOOD_HEALTH,100,1,1,0,0,0,0,0,0,0,0,15,0,0,0,0,0,0,,0,,0,,0,0,HEALTH_BONUS=FRESH_WATER_HEALTH_EQUIVALENT; VP_LAKE_FOOD=+2; VP_OASIS_FOOD=+2; VP_PRODUCTION_ON_BIRTH=20_ERA_SCALING,A_CIV5_BNW_EXACT,VP_V2_AUDITED_PROVISIONAL,Civ5 BNW direct numeric anchor; Health & Plague layer must be audited before V2 lock; Health & Plague v16: Aqueduct Health bonus equals fresh-water Health bonus; VP 2026 master verified/adapted building-system pass; project Health/Stability values provisional.,0,1,0,0,0,0,0,2,0,VP_EXACT_ADOPTED,"VP verified: Aqueduct +1 Food, 15% food kept, Poverty reduction 1, lake/oasis food and era-scaled Production on birth; Health +2 is project adaptation.",0,,,WATER_HEALTH_FLOOR,2,1.00,0,"Natural freshwater and Aqueduct do not stack; city water-health component is max(natural freshwater 2, Aqueduct floor 2).",0,MERGED_V5,BASE_V2;HEALTH_V1
Ancestral Hall,Classical,GOVERNMENT_DIPLOMACY,150,1,0,0,0,0,0,0,0,0,0,0,0,0,0,0,0,0,,0,,0,,0,0,FOUNDING_UNIT_PRODUCTION_PERCENT=+50; NO_FREE_WORKER=1,B_CIV6_ADAPTED,VP_V2_AUDITED_PROVISIONAL,Civ6/direct-city adaptation to Civ5 scale; VP 2026 master verified/adapted building-system pass; project Health/Stability values provisional.,0,0,0,0,0,0,0,0,1,PROJECT_VP_ADAPTED,Government/institution building: provisional Stability +1 added while existing unique effect is retained.,0,,,NONE,0,1.00,0,,1,MERGED_V5,BASE_V2;STABILITY_BUILDING_V1
Audience Chamber,Classical,GOVERNMENT_DIPLOMACY,150,1,0,0,0,0,0,0,0,0,0,0,0,0,0,0,0,0,,0,,0,,0,0,CAPITAL_AND_COURTHOUSE_CITY_HAPPINESS=+2; CAPITAL_AND_COURTHOUSE_CITY_GROWTH_PERCENT=+10; GOVERNOR_EFFECT_REMOVED=1,B_CIV6_ADAPTED,VP_V2_AUDITED_PROVISIONAL,Civ6/direct-city adaptation to Civ5 scale; VP 2026 master verified/adapted building-system pass; project Health/Stability values provisional.,0,0,0,0,0,0,0,0,1,PROJECT_VP_ADAPTED,Government/institution building: provisional Stability +1 added while existing unique effect is retained.,0,,,NONE,0,1.00,0,,1,MERGED_V5,BASE_V2;STABILITY_BUILDING_V1
Consulate,Classical,GOVERNMENT_DIPLOMACY,150,1,0,0,0,0,0,0,0,0,0,0,0,0,0,0,0,0,,0,,0,,0,0,INFLUENCE_POINTS_PER_TURN=+2; ENEMY_SPY_LEVEL_IN_ADMIN_CITY=-1,B_CIV6_ADAPTED,VP_V2_AUDITED_PROVISIONAL,Civ6/direct-city adaptation to Civ5 scale; VP 2026 master verified/adapted building-system pass; project Health/Stability values provisional.,0,0,0,0,0,0,0,0,1,PROJECT_VP_ADAPTED,Government/institution building: provisional Stability +1 added while existing unique effect is retained.,0,,,NONE,0,1.00,0,,1,MERGED_V5,BASE_V2;STABILITY_BUILDING_V1
Warlord's Throne,Classical,GOVERNMENT_DIPLOMACY,150,1,0,0,0,0,0,0,0,0,0,0,0,0,0,0,0,0,,0,,0,,0,0,ON_ENEMY_CITY_CAPTURE_ALL_CITIES_PRODUCTION_PERCENT=+20_FOR_5_TURNS,B_CIV6_ADAPTED,VP_V2_AUDITED_PROVISIONAL,Civ6/direct-city adaptation to Civ5 scale; VP 2026 master verified/adapted building-system pass; project Health/Stability values provisional.,0,0,0,0,0,0,0,0,1,PROJECT_VP_ADAPTED,Government/institution building: provisional Stability +1 added while existing unique effect is retained.,0,,,NONE,0,1.00,0,,1,MERGED_V5,BASE_V2;STABILITY_BUILDING_V1
Harbor,Classical,MARITIME,120,2,0,0,1,0,0,0,0,0,0,0,0,0,0,0,0,0,,0,,0,,0,0,CITY_CONNECTION_OVER_WATER=1; SEA_TRADE_RANGE_PERCENT=+50; FOREIGN_SEA_TRADE_GOLD=+2; PLAGUE_SPREAD_NETWORK=SEA_AND_INTERNATIONAL_TRADE_SYSTEM; VP_SEA_TILE_FOOD=+1; VP_SEA_RESOURCE_PRODUCTION=+1; VP_NAVAL_UNIT_PRODUCTION_PERCENT=+15; VP_FINISH_SEA_TRADE_TOURISM=10,B_CIV5_FUNCTIONAL_REMAP,VP_V2_AUDITED_PROVISIONAL,Civ5 functional remap/adaptation; Health & Plague layer must be audited before V2 lock; 47-resource/More Luxuries interaction audit required; More Luxuries adds Coral but no direct Harbor building bonus; disease spread through sea/trade routes is handled by Health/Plague network layer; VP 2026 master verified/adapted building-system pass; project Health/Stability values provisional.,0,0,0,0,0,1,0,0,0,VP_EXACT_ADOPTED,"VP verified: Harbor Supply +1, +1 Gold, sea-tile Food +1, sea-resource Production +1 and naval Production +15%; project connection/trade rules retained.",0,,,NONE,0,1.00,0,"Sea/trade plague propagation handled by network rules, not flat Health.",0,MERGED_V5,BASE_V2;HEALTH_V1
Lighthouse,Classical,MARITIME,75,1,0,0,0,0,0,0,0,0,0,0,0,0,0,0,0,0,,0,,0,,0,0,SEA_TILE_FOOD=+1; FISH_EXTRA_FOOD=+1; SEA_RESOURCE_PRODUCTION=+1; PROJECT_SEA_RESOURCES=FISH|CRAB|PEARLS|WHALES|CORAL,A_CIV5_BNW_EXACT,LOCKED_BUILDING_V1,Civ5 BNW direct numeric anchor; 47-resource/More Luxuries interaction audit required; More Luxuries direct-building bonus absent; project sea-resource set must include Coral in generic sea-resource handling,0,0,0,0,0,0,0,0,0,KEEP_V1_BASE,No verified VP numeric conflict; retain project/Civ5/Civ6 baseline pending global cost curve.,0,,,NONE,0,1.00,0,,0,MERGED_V5,BASE_V2
Stable,Classical,MILITARY_TRAINING,100,1,0,3,0,0,0,0,0,0,0,0,0,0,0,0,0,0,,0,,0,,0,0,WORKED_SHEEP_CATTLE_HORSES_PRODUCTION=+1; MOUNTED_UNIT_PRODUCTION_PERCENT=+15,A_CIV5_BNW_EXACT,VP_V2_AUDITED_PROVISIONAL,Civ5 BNW direct numeric anchor; 47-resource/More Luxuries interaction audit required; More Luxuries adds no livestock resource; project pasture livestock remain Horses/Cattle/Sheep; VP 2026 master verified/adapted building-system pass; project Health/Stability values provisional.,0,0,0,0,0,1,0,0,0,VP_EXACT_ADOPTED,VP verified Stable gives Supply +1 and +3 Production; project pasture/mounted effects retained.,0,,,NONE,0,1.00,0,,0,MERGED_V5,BASE_V2
Paper Workshop,Classical,SCIENCE_EDUCATION,100,1,0,0,0,1,0,0,0,0,0,0,0,0,0,0,0,0,,0,,0,,0,0,PAPER_RECORD_SYNERGY_CONDITIONAL=SEE_NUMERIC_BALANCE_DECISIONS_V1,B_PROJECT_INTERPOLATED,VP_V2_AUDITED_PROVISIONAL,Project historical/interpolated balance; VP 2026 master verified/adapted building-system pass; project Health/Stability values provisional.,0,0,1,0,0,0,0,0,0,PROJECT_VP_ADAPTED,Project paper/record building: VP-style Illiteracy reduction 1 added; existing +1 Science retained.,0,,,NONE,0,1.00,0,,0,MERGED_V5,BASE_V2
Castle,Early Medieval,CITY_DEFENSE,160,0,0,0,0,0,0,0,0,7,25,0,0,0,0,0,0,0,,0,,0,,0,0,,A_CIV5_BNW_EXACT,VP_V2_AUDITED_PROVISIONAL,Civ5 BNW direct numeric anchor; VP 2026 master verified/adapted building-system pass; project Health/Stability values provisional.,0,0,0,0,0,0,5,0,0,PROJECT_VP_ADAPTED,VP defense-line adaptation: +5% city military supply; existing defense/HP values retained.,0,,,NONE,0,1.00,0,,0,MERGED_V5,BASE_V2
Scriptorium,Early Medieval,CULTURE_MEDIA,150,1,0,0,0,1,0,0,0,0,0,0,0,0,0,0,0,0,,0,,0,Writing,1,0,ALGEBRA_SCHOLARSHIP_CONDITIONAL=SEE_NUMERIC_BALANCE_DECISIONS_V1,B_PROJECT_INTERPOLATED,LOCKED_BUILDING_V1,Project historical/interpolated balance,0,0,0,0,0,0,0,0,0,KEEP_V1_BASE,No verified VP numeric conflict; retain project/Civ5/Civ6 baseline pending global cost curve.,0,,,NONE,0,1.00,0,,0,MERGED_V5,BASE_V2
Woodblock Printing House,Early Medieval,CULTURE_MEDIA,180,1,0,0,0,0,1,0,0,0,0,0,0,0,0,0,0,0,,0,,0,,0,0,GREAT_WORK_WRITING_CULTURE_CONDITIONAL=SEE_NUMERIC_BALANCE_DECISIONS_V1,B_PROJECT_INTERPOLATED,LOCKED_BUILDING_V1,Project historical/interpolated balance,0,0,0,0,0,0,0,0,0,KEEP_V1_BASE,No verified VP numeric conflict; retain project/Civ5/Civ6 baseline pending global cost curve.,0,,,NONE,0,1.00,0,,0,MERGED_V5,BASE_V2
Court,Early Medieval,GOVERNMENT_DIPLOMACY,180,1,0,0,2,0,2,0,0,0,0,0,0,0,0,0,0,0,,0,,0,,0,0,ONE_PER_CIV_PALACE_ADMINISTRATION=1,B_PROJECT_INTERPOLATED,VP_V2_AUDITED_PROVISIONAL,Project historical/interpolated balance; VP 2026 master verified/adapted building-system pass; project Health/Stability values provisional.,0,0,0,0,0,0,0,0,1,PROJECT_VP_ADAPTED,Government/institution building: provisional Stability +1 added while existing unique effect is retained.,0,,,NONE,0,1.00,0,,1,MERGED_V5,BASE_V2;STABILITY_BUILDING_V1
Customs Office,Enlightenment,COMMERCE_TRADE,250,1,0,0,2,0,0,0,0,0,0,0,0,0,10,0,0,0,,0,,0,,0,0,INTERNATIONAL_TRADE_ROUTE_GOLD_PERCENT=+25; REQUIRES_SEAPORT_OR_ACTIVE_INTERNATIONAL_TRADE=1; VP_TRADE_ROUTE_RECIPIENT_GOLD=+2; VP_TRADE_ROUTE_TARGET_GOLD=+2,B_PROJECT_INTERPOLATED,VP_V2_AUDITED_PROVISIONAL,Project historical/interpolated balance; VP 2026 master verified/adapted building-system pass; project Health/Stability values provisional.,0,1,0,0,0,0,0,0,0,PROJECT_VP_ADAPTED,Mapped to VP Customs House role: Poverty reduction 1 and trade route sender/recipient Gold +2 each; project international-trade modifier retained.,0,,,NONE,0,1.00,0,,0,MERGED_V5,BASE_V2
Stock Exchange,Enlightenment,COMMERCE_TRADE,300,0,0,0,3,0,0,0,0,0,0,0,0,0,25,0,0,0,Merchant,1,,0,,0,0,VP_GOLD_PER_POPULATION=0.50; VP_GOLD_PURCHASE_COST_PERCENT=-20; VP_TRADING_POST_CUSTOMS_HOUSE_GOLD=+2,A_CIV5_BNW_EXACT,VP_V2_AUDITED_PROVISIONAL,Civ5 BNW direct numeric anchor; VP 2026 master verified/adapted building-system pass; project Health/Stability values provisional.,0,0,0,0,0,0,0,0,0,VP_EXACT_ADOPTED,"VP verified: Stock Exchange +3 Gold, one Merchant slot, +0.5 Gold/pop, -20% Gold purchase cost and +2 Gold on Trading Post/Customs House.",3,Gold+7,,NONE,0,1.00,0,,0,MERGED_V5,BASE_V2;POWER_V4
Archaeological Museum,Enlightenment,CULTURE_MEDIA,300,2,0,0,0,0,2,0,0,0,0,0,0,0,0,0,0,0,,0,,0,Artifact,3,0,VP_CULTURE_PER_POPULATION=0.25; VP_TOURISM_PER_POPULATION=0.25,B_CIV6_ADAPTED,VP_V2_AUDITED_PROVISIONAL,Civ6/direct-city adaptation to Civ5 scale; VP 2026 master verified/adapted building-system pass; project Health/Stability values provisional.,0,0,0,1,0,0,0,0,0,PROJECT_VP_ADAPTED,VP Museum analogue: flat Boredom reduction 1 and 0.25 Culture/Tourism per population; applied to mutually exclusive museum branches.,0,,,NONE,0,1.00,0,,0,MERGED_V5,BASE_V2
Newspaper Office,Enlightenment,CULTURE_MEDIA,250,2,0,0,1,0,2,0,0,0,0,0,0,0,0,0,0,0,,0,,0,Writing,1,0,,B_PROJECT_INTERPOLATED,VP_V2_AUDITED_PROVISIONAL,Project historical/interpolated balance; VP 2026 master verified/adapted building-system pass; project Health/Stability values provisional.,0,0,1,0,0,0,0,0,0,PROJECT_VP_ADAPTED,Project mass-literacy/public-sphere building: Illiteracy reduction 1 added; Gold/Culture/Great Work values retained.,0,,,NONE,0,1.00,0,,0,MERGED_V5,BASE_V2
Aquarium,Enlightenment,ENTERTAINMENT,300,2,0,0,0,0,0,0,1,0,0,0,0,0,0,0,0,0,,0,,0,,0,0,COASTAL_CITY_ONLY=1; WORKED_COASTAL_RESOURCE_REEF_SHIPWRECK_SCIENCE=+1,B_CIV6_ADAPTED,VP_V2_AUDITED_PROVISIONAL,Civ6/direct-city adaptation to Civ5 scale; VP 2026 master verified/adapted building-system pass; project Health/Stability values provisional.,0,0,0,1,0,0,0,0,0,PROJECT_VP_ADAPTED,Civ6 entertainment branch adapted to VP Needs: Boredom reduction 1; existing local Happiness retained.,0,,,NONE,0,1.00,0,,0,MERGED_V5,BASE_V2
Ferris Wheel,Enlightenment,ENTERTAINMENT,250,2,0,0,0,0,3,0,2,0,0,0,0,0,0,0,0,0,,0,,0,,0,0,COASTAL_CITY_ONLY=1; TOURISM_FLAT=+2,B_CIV6_ADAPTED,VP_V2_AUDITED_PROVISIONAL,Civ6/direct-city adaptation to Civ5 scale; VP 2026 master verified/adapted building-system pass; project Health/Stability values provisional.,0,0,0,1,0,0,0,0,0,PROJECT_VP_ADAPTED,Civ6 entertainment branch adapted to VP Needs: Boredom reduction 1; existing local Happiness retained.,0,,,NONE,0,1.00,0,,0,MERGED_V5,BASE_V2
Zoo,Enlightenment,ENTERTAINMENT,200,2,0,0,0,0,2,0,0,0,0,0,0,0,0,0,0,0,,0,,0,,0,0,VP_FINISH_LAND_TRADE_TOURISM=5; VP_FINISH_SEA_TRADE_TOURISM=5; VP_INSTANT_SCIENCE=500; VP_FOREST_JUNGLE_CULTURE=+1; VP_FOREST_JUNGLE_TOURISM=+1,A_CIV5_BNW_EXACT,VP_V2_AUDITED_PROVISIONAL,Civ5 BNW direct numeric anchor; VP 2026 master verified/adapted building-system pass; project Health/Stability values provisional.,0,0,0,1,0,0,0,0,0,VP_EXACT_ADOPTED,"VP verified Zoo/Theatre: direct Happiness removed, Boredom -1, +2 Culture, trade Tourism, instant Science and forest/jungle Culture/Tourism.",0,,,NONE,0,1.00,0,,0,MERGED_V5,BASE_V2
Cloth Mill,Enlightenment,INDUSTRY_POWER,250,2,0,1,0,0,0,0,0,0,0,0,10,0,0,0,0,0,,0,,0,,0,0,WORKED_COTTON_SHEEP_SILK_GOLD=+2,B_EE_ADAPTED,LOCKED_BUILDING_V1,"Pouakai Enlightenment Era effect restored: +1 Production, +10% Production, +2 Gold from Cotton/Sheep/Silk; cost/maintenance remain project-scaled; 47-resource/More Luxuries interaction audit required; Pouakai exact effect restored and resource set is source-explicit Cotton/Sheep/Silk only",0,0,0,0,0,0,0,0,0,KEEP_V1_BASE,No verified VP numeric conflict; retain project/Civ5/Civ6 baseline pending global cost curve.,0,,,NONE,0,1.00,0,,0,MERGED_V5,BASE_V2
Military Academy,Enlightenment,MILITARY_TRAINING,300,1,0,0,0,1,0,0,0,0,0,0,0,0,0,0,0,25,,0,,0,,0,0,VP_LAND_UNIT_PRODUCTION_PERCENT=+15,A_CIV5_BNW_EXACT,VP_V2_AUDITED_PROVISIONAL,Civ5 BNW direct numeric anchor; VP 2026 master verified/adapted building-system pass; project Health/Stability values provisional.,1,0,0,0,0,1,0,0,0,VP_EXACT_ADOPTED,"VP verified: Military Academy gives Supply +1, Distress reduction 1, +1 Science, 25 XP and +15% land unit Production.",0,,,NONE,0,1.00,0,,0,MERGED_V5,BASE_V2
Chemical Laboratory,Enlightenment,SCIENCE_EDUCATION,250,2,0,0,0,2,0,0,0,0,0,0,0,0,0,10,0,0,Scientist,1,,0,,0,0,,B_PROJECT_INTERPOLATED,VP_V2_AUDITED_PROVISIONAL,Project historical/interpolated balance; VP 2026 master verified/adapted building-system pass; project Health/Stability values provisional.,0,0,1,0,0,0,0,0,0,PROJECT_VP_ADAPTED,Project intermediate science building: Illiteracy reduction 1 added to keep VP Needs progression.,0,,,NONE,0,1.00,0,,0,MERGED_V5,BASE_V2
Public School,Enlightenment,SCIENCE_EDUCATION,300,3,0,0,0,3,0,0,0,0,0,0,0,0,0,0,0,0,Scientist,1,,0,,0,0,,A_CIV5_BNW_EXACT,VP_V2_AUDITED_PROVISIONAL,Civ5 BNW direct numeric anchor; VP 2026 master verified/adapted building-system pass; project Health/Stability values provisional.,0,0,1,0,0,0,0,0,0,VP_EXACT_ADOPTED,VP verified: Public School +3 Science and Illiteracy reduction 1; science-per-pop carryover removed.,0,,,NONE,0,1.00,0,,0,MERGED_V5,BASE_V2
Star Fort,Exploration,CITY_DEFENSE,300,0,0,0,0,0,0,0,0,10,25,0,0,0,0,0,0,0,,0,,0,,0,0,,B_EE_ADAPTED,VP_V2_AUDITED_PROVISIONAL,Pouakai Enlightenment Era / project adaptation; VP 2026 master verified/adapted building-system pass; project Health/Stability values provisional.,0,0,0,0,0,0,5,0,0,PROJECT_VP_ADAPTED,VP defense-line adaptation: +5% city military supply; existing defense/HP values retained.,0,,,NONE,0,1.00,0,,0,MERGED_V5,BASE_V2
Musicians' Guild,Exploration,CULTURE_MEDIA,200,1,0,0,0,0,0,0,0,0,0,0,0,0,0,0,0,0,Musician,2,Great Musician,3,,0,0,,A_CIV5_BNW_EXACT,LOCKED_BUILDING_V1,Civ5 BNW direct numeric anchor,0,0,0,0,0,0,0,0,0,KEEP_V1_BASE,No verified VP numeric conflict; retain project/Civ5/Civ6 baseline pending global cost curve.,0,,,NONE,0,1.00,0,,0,MERGED_V5,BASE_V2
Opera House,Exploration,CULTURE_MEDIA,200,1,0,0,0,0,3,0,0,0,0,0,0,0,0,0,5,0,,0,,0,Music,1,0,VP_GREAT_MUSICIAN_RATE_PERCENT=33,A_CIV5_BNW_EXACT,VP_V2_AUDITED_PROVISIONAL,Civ5 BNW direct numeric anchor; VP 2026 master verified/adapted building-system pass; project Health/Stability values provisional.,0,0,0,0,0,0,0,0,0,VP_EXACT_ADOPTED,"VP verified: Opera House has 3 Culture, +5% Culture and +33% Great Musician generation.",0,,,NONE,0,1.00,0,,0,MERGED_V5,BASE_V2
Navigation School,Exploration,MARITIME,220,2,0,0,0,0,0,0,0,0,0,0,0,0,0,0,0,0,,0,Great Admiral,2,,0,0,NAVAL_UNIT_XP=+10; COASTAL_CITY_ONLY=1,B_PROJECT_INTERPOLATED,LOCKED_BUILDING_V1,Project historical/interpolated balance,0,0,0,0,0,0,0,0,0,KEEP_V1_BASE,No verified VP numeric conflict; retain project/Civ5/Civ6 baseline pending global cost curve.,0,,,NONE,0,1.00,0,,0,MERGED_V5,BASE_V2
Seaport,Exploration,MARITIME,250,2,0,0,0,0,0,0,0,0,0,0,0,0,0,0,0,0,,0,,0,,0,0,NAVAL_UNIT_PRODUCTION_PERCENT=+15; WORKED_SEA_RESOURCE_PRODUCTION=+1; WORKED_SEA_RESOURCE_GOLD=+1; PROJECT_SEA_RESOURCES=FISH|CRAB|PEARLS|WHALES|CORAL; VP_SEA_TILE_PRODUCTION=+1; VP_SEA_TILE_GOLD=+1; VP_SEA_RESOURCE_PRODUCTION=+2; VP_SEA_RESOURCE_GOLD=+2,A_CIV5_BNW_EXACT,VP_V2_AUDITED_PROVISIONAL,Civ5 BNW direct numeric anchor; 47-resource/More Luxuries interaction audit required; More Luxuries direct-building bonus absent; generic sea-resource bonus explicitly includes Coral; VP 2026 master verified/adapted building-system pass; project Health/Stability values provisional.,0,0,0,0,0,0,10,0,0,VP_EXACT_ADOPTED,"VP verified: Seaport +10% supply, +1 Production/+1 Gold on sea tiles and +2 Production/+2 Gold on sea resources.",0,,,NONE,0,1.00,0,,0,MERGED_V5,BASE_V2
Gunsmith,Exploration,MILITARY_TRAINING,220,2,0,0,0,0,0,0,0,0,0,0,0,0,0,0,0,0,,0,,0,,0,0,GUNPOWDER_INFANTRY_PRODUCTION_PERCENT=+25,B_EE_ADAPTED,LOCKED_BUILDING_V1,Pouakai Enlightenment Era effect restored; cost/maintenance remain project-scaled,0,0,0,0,0,0,0,0,0,KEEP_V1_BASE,No verified VP numeric conflict; retain project/Civ5/Civ6 baseline pending global cost curve.,0,,,NONE,0,1.00,0,,0,MERGED_V5,BASE_V2
Observatory,Exploration,SCIENCE_EDUCATION,200,0,0,0,0,0,0,0,0,0,0,0,0,0,0,50,0,0,,0,,0,,0,0,,A_CIV5_BNW_EXACT,LOCKED_BUILDING_V1,Civ5 BNW direct numeric anchor,0,0,0,0,0,0,0,0,0,KEEP_V1_BASE,No verified VP numeric conflict; retain project/Civ5/Civ6 baseline pending global cost curve.,0,,,NONE,0,1.00,0,,0,MERGED_V5,BASE_V2
Artists' Guild,High Medieval,CULTURE_MEDIA,150,1,0,0,0,0,0,0,0,0,0,0,0,0,0,0,0,0,Artist,2,Great Artist,2,,0,0,,A_CIV5_BNW_EXACT,LOCKED_BUILDING_V1,Civ5 BNW direct numeric anchor,0,0,0,0,0,0,0,0,0,KEEP_V1_BASE,No verified VP numeric conflict; retain project/Civ5/Civ6 baseline pending global cost curve.,0,,,NONE,0,1.00,0,,0,MERGED_V5,BASE_V2
Windmill,High Medieval,INDUSTRY_POWER,250,2,0,2,0,0,0,0,0,0,0,0,0,10,0,0,0,0,Engineer,1,,0,,0,0,,A_CIV5_BNW_EXACT,LOCKED_BUILDING_V1,Civ5 BNW direct numeric anchor,0,0,0,0,0,0,0,0,0,KEEP_V1_BASE,No verified VP numeric conflict; retain project/Civ5/Civ6 baseline pending global cost curve.,0,,,NONE,0,1.00,0,,0,MERGED_V5,BASE_V2
Workshop,High Medieval,INDUSTRY_POWER,180,2,0,2,0,0,0,0,0,0,0,0,10,0,0,0,0,0,Engineer,1,,0,,0,0,VP_PRODUCTION_PER_POPULATION=0.25; VP_FOREST_PRODUCTION=+1; VP_COST_AUDIT=120_TO_180,A_CIV5_BNW_EXACT,VP_V2_AUDITED_PROVISIONAL,Civ5 BNW direct numeric anchor; VP 2026 master verified/adapted building-system pass; project Health/Stability values provisional.,0,0,0,0,0,0,0,0,0,VP_EXACT_ADOPTED,VP production role adopted; project-era cost raised 120→180 because High Medieval placement made the BNW-era cost an outlier.,0,,,NONE,0,1.00,0,,0,MERGED_V5,BASE_V2
University,High Medieval,SCIENCE_EDUCATION,200,2,0,0,0,3,0,0,0,0,0,0,0,0,0,0,0,0,Scientist,1,,0,,0,0,SCHOLASTICISM_GPP_CONDITIONAL=+1_GREAT_SCIENTIST; SCIENTIFIC_REVOLUTION_SCIENCE_PERCENT_CONDITIONAL=+10; VP_WORKED_JUNGLE_SCIENCE=+1; VP_WORKED_SNOW_SCIENCE=+1; VP_SCIENCE_FROM_GROWTH_PERCENT=25; VP_COST_AUDIT=160_TO_200,A_CIV5_BNW_EXACT,VP_V2_AUDITED_PROVISIONAL,Civ5 BNW direct numeric anchor; VP 2026 master verified/adapted building-system pass; project Health/Stability values provisional.,0,0,1,0,0,0,0,0,0,VP_EXACT_ADOPTED,VP science role adopted; project-era cost raised 160→200 to fit High Medieval progression without changing later science-chain costs.,0,,,NONE,0,1.00,0,,0,MERGED_V5,BASE_V2
Foreign Ministry,High Medieval/Exploration,GOVERNMENT_DIPLOMACY,290,2,0,0,0,0,0,0,0,0,0,0,0,0,0,0,0,0,,0,,0,,0,0,CITY_STATE_LEVY_GOLD_COST_PERCENT=-50; LEVIED_CITY_STATE_UNIT_COMBAT=+4; GOVERNOR_TITLE_REMOVED=1,B_CIV6_ADAPTED,VP_V2_AUDITED_PROVISIONAL,Civ6/direct-city adaptation to Civ5 scale; VP 2026 master verified/adapted building-system pass; project Health/Stability values provisional.,0,0,0,0,0,0,0,0,1,PROJECT_VP_ADAPTED,Government/institution building: provisional Stability +1 added while existing unique effect is retained.,0,,,NONE,0,1.00,0,,1,MERGED_V5,BASE_V2;STABILITY_BUILDING_V1
Grand Master's Chapel,High Medieval/Exploration,GOVERNMENT_DIPLOMACY,290,2,0,0,0,0,0,0,0,0,0,0,0,0,0,0,0,0,,0,,0,,0,0,BUY_LAND_MILITARY_UNITS_WITH_FAITH=1; PILLAGE_YIELDS_FAITH=1; GOVERNOR_TITLE_REMOVED=1,B_CIV6_ADAPTED,VP_V2_AUDITED_PROVISIONAL,Civ6/direct-city adaptation to Civ5 scale; VP 2026 master verified/adapted building-system pass; project Health/Stability values provisional.,0,0,0,0,0,0,0,0,1,PROJECT_VP_ADAPTED,Government/institution building: provisional Stability +1 added while existing unique effect is retained.,0,,,NONE,0,1.00,0,,1,MERGED_V5,BASE_V2;STABILITY_BUILDING_V1
Intelligence Agency,High Medieval/Exploration,GOVERNMENT_DIPLOMACY,290,2,0,0,0,0,0,0,0,0,0,0,0,0,0,0,0,0,,0,,0,,0,0,SPY_CAPACITY=+1; SPY_OPERATION_SUCCESS_BONUS=PROJECT_EQUIVALENT_TO_SOURCE_HIGHER_CHANCE; GOVERNOR_TITLE_REMOVED=1,B_CIV6_ADAPTED,VP_V2_AUDITED_PROVISIONAL,Civ6/direct-city adaptation to Civ5 scale; VP 2026 master verified/adapted building-system pass; project Health/Stability values provisional.,0,0,0,0,0,0,0,0,1,PROJECT_VP_ADAPTED,Government/institution building: provisional Stability +1 added while existing unique effect is retained.,0,,,NONE,0,1.00,0,,1,MERGED_V5,BASE_V2;STABILITY_BUILDING_V1
Military Base,Industrial,CITY_DEFENSE,500,0,0,0,0,0,0,0,0,12,25,0,0,0,0,0,0,0,,0,,0,,0,0,VP_HEAL_RATE_CHANGE=+20; VP_CITY_AIR_STRIKE_DEFENSE=+15; VP_AIR_UNIT_PRODUCTION_PERCENT=+25,A_CIV5_BNW_EXACT,VP_V2_AUDITED_PROVISIONAL,Civ5 BNW direct numeric anchor; VP 2026 master verified/adapted building-system pass; project Health/Stability values provisional.,1,0,0,0,0,0,5,0,0,VP_EXACT_ADOPTED,"VP verified: Military Base +5% supply, Distress -1, heal +20, air-strike defense +15 and air unit Production +25%.",0,,,NONE,0,1.00,0,,0,MERGED_V5,BASE_V2
Shopping Mall,Industrial,COMMERCE_TRADE,350,2,0,0,2,0,0,0,1,0,0,0,0,0,10,0,0,0,,0,,0,,0,0,TOURISM_FLAT=+4; POWERED_BONUS_HANDLED_BY_POWER_SYSTEM=POWER_V4,B_CIV6_ADAPTED,VP_V2_AUDITED_PROVISIONAL,Civ6/direct-city adaptation to Civ5 scale; VP 2026 master verified/adapted building-system pass; project Health/Stability values provisional.,0,1,0,0,0,0,0,0,0,PROJECT_VP_ADAPTED,Project retail capstone: Poverty reduction 1 added; Tourism/Power interactions retained.,1,Gold+2; Local Happiness+1,,NONE,0,1.00,0,,0,MERGED_V5,BASE_V2;POWER_V4
Cinema,Industrial,CULTURE_MEDIA,300,2,0,0,0,0,2,0,0,0,0,0,0,0,0,0,0,0,,0,,0,Film,2,0,,B_PROJECT_INTERPOLATED,VP_V2_AUDITED_PROVISIONAL,Project historical/interpolated balance; VP 2026 master verified/adapted building-system pass; project Health/Stability values provisional.,0,0,0,1,0,0,0,0,0,PROJECT_VP_ADAPTED,Project film building: adopt VP entertainment/media role with Boredom reduction 1; existing Film slots retained.,0,,,NONE,0,1.00,0,,0,MERGED_V5,BASE_V2
Director's Guild,Industrial,CULTURE_MEDIA,300,1,0,0,0,0,0,0,0,0,0,0,0,0,0,0,0,0,Director,2,Great Director,3,,0,0,,B_PROJECT_INTERPOLATED,LOCKED_BUILDING_V1,Project historical/interpolated balance,0,0,0,0,0,0,0,0,0,KEEP_V1_BASE,No verified VP numeric conflict; retain project/Civ5/Civ6 baseline pending global cost curve.,0,,,NONE,0,1.00,0,,0,MERGED_V5,BASE_V2
Cold Storage,Industrial,FOOD_HEALTH,320,2,2,0,0,0,0,0,0,0,0,10,0,0,0,0,0,0,,0,,0,,0,0,FOOD_STORAGE_TRADE_LOSS_REDUCTION=PENDING_LOGISTICS_SYSTEM,B_PROJECT_INTERPOLATED,VP_V2_AUDITED_PROVISIONAL,Project historical/interpolated balance; VP 2026 master verified/adapted building-system pass; project Health/Stability values provisional.,0,0,0,0,0,0,0,2,0,PROJECT_VP_ADAPTED,Project refrigeration/food-chain building: Health +2 provisional; current Food/storage role retained.,0,,,FLAT,2,1.00,0,,0,MERGED_V5,BASE_V2;HEALTH_V1
Food Market,Industrial,FOOD_HEALTH,300,2,4,0,0,0,0,0,0,0,0,0,0,0,0,0,0,0,,0,,0,,0,0,,B_CIV6_ADAPTED,VP_V2_AUDITED_PROVISIONAL,Civ6/direct-city adaptation to Civ5 scale; VP 2026 master verified/adapted building-system pass; project Health/Stability values provisional.,0,0,0,0,0,0,0,1,0,PROJECT_VP_ADAPTED,Food-distribution building: Health +1 provisional; current Food output retained.,1,Food+2,,FLAT,1,1.00,0,,0,MERGED_V5,BASE_V2;POWER_V4;HEALTH_V1
Hospital,Industrial,FOOD_HEALTH,360,2,5,0,0,0,0,0,0,0,0,0,0,0,0,0,0,0,,0,,0,,0,0,HEALTH_SYSTEM_EFFECT=HEALTH_V1; VP_ALWAYS_HEAL=15; VP_NO_UNHAPPY_SPECIALIST_DIVISOR=2; VP_ALL_GP_SPECIALIST_FOOD=+1; VP_SCIENTIST_SCIENCE=+2; VP_ENGINEER_PRODUCTION=+2; VP_MERCHANT_GOLD=+2,A_CIV5_BNW_EXACT,VP_V2_AUDITED_PROVISIONAL,Civ5 BNW direct numeric anchor; Health & Plague layer must be audited before V2 lock; Health & Plague building-health value must be recovered/quantified; BNW +5 Food alone is incomplete but remains until explicit project override; VP 2026 master verified/adapted building-system pass; project Health/Stability values provisional.,0,1,0,0,0,0,0,4,0,VP_EXACT_ADOPTED,"VP verified: Hospital Poverty reduction 1, heal +15, specialist-unhappiness relief and specialist yields. Project Health +4 provisional; BNW +5 Food retained.",0,,,FLAT,4,1.00,-1,Plague duration reduction; final duration minimum 3 turns. Existing VP heal +15 remains separate.,0,MERGED_V5,BASE_V2;HEALTH_V1
Sewer,Industrial,FOOD_HEALTH,300,2,0,0,0,0,0,0,0,0,0,0,0,0,0,0,0,0,,0,,0,,0,0,URBAN_HOUSING=+2; HEALTH_SYSTEM_EFFECT=HEALTH_V1,B_CIV6_ADAPTED,VP_V2_AUDITED_PROVISIONAL,Civ6/direct-city adaptation to Civ5 scale; Health & Plague layer must be audited before V2 lock; Sewer is project/GS sanitation adaptation rather than original H&P v19 building; quantitative Health effect requires project health pass; VP 2026 master verified/adapted building-system pass; project Health/Stability values provisional.,0,0,0,0,0,0,0,4,0,PROJECT_VP_ADAPTED,Project sanitation building: Health +4 provisional. Housing +2 retained; no unsupported direct VP counterpart forced.,0,,,FLAT,4,0.75,0,25% reduction to spontaneous plague emergence after Health and era multipliers; does not reduce import/transmission chance.,0,MERGED_V5,BASE_V2;HEALTH_V1
Telegraph Office,Industrial,GOVERNMENT_DIPLOMACY,300,2,0,0,2,0,1,0,0,0,0,0,0,0,0,0,0,0,,0,,0,,0,0,TRADE_ROUTE_RANGE_PERCENT=+25; INFLUENCE_POINTS_PER_TURN=+1,B_PROJECT_INTERPOLATED,VP_V2_AUDITED_PROVISIONAL,Project historical/interpolated balance; VP 2026 master verified/adapted building-system pass; project Health/Stability values provisional.,0,0,0,0,0,0,0,0,1,PROJECT_VP_ADAPTED,Government/institution building: provisional Stability +1 added while existing unique effect is retained.,0,,,NONE,0,1.00,0,,1,MERGED_V5,BASE_V2;STABILITY_BUILDING_V1
Coal Power Plant,Industrial,INDUSTRY_POWER,400,3,0,5,0,0,0,0,0,0,0,0,15,0,0,0,0,0,,0,,0,,0,0,REPLACES_POWER_PLANT_OUTPUT=1; POWER_SOURCE=COAL; REQUIRES_COAL=1; POLLUTION_SYSTEM_EFFECT=POWER_POLLUTION_BRIDGE_V1,B_CIV6_ADAPTED,LOCKED_BUILDING_V1,Civ6/direct-city adaptation to Civ5 scale,0,0,0,0,0,0,0,0,0,KEEP_V1_BASE,No verified VP numeric conflict; retain project/Civ5/Civ6 baseline pending global cost curve.,0,,Coal capacity 1 -> 4 Power; network radius 6; emission HEAVY,NONE,0,1.00,0,Health externality comes through city pollution only.,0,MERGED_V5,BASE_V2;POWER_V4;HEALTH_V1
Factory,Industrial,INDUSTRY_POWER,360,3,0,10,0,0,0,0,0,0,0,0,10,0,0,0,0,0,Engineer,1,,0,,0,0,VP_PRODUCTION_PER_POPULATION=0.25; PROJECT_MANUFACTORY_PRODUCTION=+1; VP_NO_UNHAPPY_SPECIALIST_DIVISOR=1,A_CIV5_BNW_EXACT,VP_V3_WORKER_GPTI_NERF,Civ5 BNW direct numeric anchor; Health & Plague layer must be audited before V2 lock; Health & Plague industrial Health/Disease layer must be quantified before final lock; VP 2026 master verified/adapted building-system pass; project Health/Stability values provisional.,0,0,0,0,0,0,0,0,0,PROJECT_VP_ADAPTED_WORKER_GPTI_NERF,Manufactory is an ordinary Worker-built NoTwoAdjacent improvement in this project; VP +2 Production is reduced to +1 to avoid turning repeatable Manufactories into quasi-Great-Person improvements.,2,Production+3,,NONE,0,1.00,0,Health externality comes through city pollution only.,0,MERGED_V5,BASE_V2;V3;POWER_V4;HEALTH_V1
Power Plant,Industrial,INDUSTRY_POWER,320,2,0,2,0,0,0,0,0,0,0,0,10,0,0,0,0,0,,0,,0,,0,0,BASE_POWER_GRID=1; SOURCE_SPECIFIC_PLANT_CAN_REPLACE_OUTPUT=1; POWER_SYSTEM_OUTPUT=POWER_V4,B_CIV6_ADAPTED,LOCKED_BUILDING_V1,Civ6/direct-city adaptation to Civ5 scale,0,0,0,0,0,0,0,0,0,KEEP_V1_BASE,No verified VP numeric conflict; retain project/Civ5/Civ6 baseline pending global cost curve.,0,,Oil capacity 1 -> 4 Power; network radius 6; emission MODERATE,NONE,0,1.00,0,Health externality comes through city pollution only.,0,MERGED_V5,BASE_V2;POWER_V4;HEALTH_V1
Steelworks,Industrial,INDUSTRY_POWER,400,3,0,4,0,0,0,0,0,0,0,0,0,0,0,0,0,0,,0,,0,,0,0,ARMORED_AND_NAVAL_UNIT_PRODUCTION_PERCENT=+20,B_PROJECT_INTERPOLATED,LOCKED_BUILDING_V1,Project historical/interpolated balance,0,0,0,0,0,0,0,0,0,KEEP_V1_BASE,No verified VP numeric conflict; retain project/Civ5/Civ6 baseline pending global cost curve.,0,,,NONE,0,1.00,0,,0,MERGED_V5,BASE_V2
Drydock,Industrial,MARITIME,300,2,0,0,0,0,0,0,0,0,0,0,0,0,0,0,0,0,,0,,0,,0,0,NAVAL_UNIT_TRAINED_COMBAT_STRENGTH_PERCENT=+15,B_EE_ADAPTED,LOCKED_BUILDING_V1,Pouakai Enlightenment Era effect restored: trained naval units +15% Combat Strength; cost/maintenance remain project-scaled,0,0,0,0,0,0,0,0,0,KEEP_V1_BASE,No verified VP numeric conflict; retain project/Civ5/Civ6 baseline pending global cost curve.,0,,,NONE,0,1.00,0,,0,MERGED_V5,BASE_V2
Shipyard,Industrial,MARITIME,300,2,0,3,0,0,0,0,0,0,0,0,0,0,0,0,0,0,,0,,0,,0,0,COASTAL_SEA_TILE_PRODUCTION=+1,B_CIV6_ADAPTED,LOCKED_BUILDING_V1,Civ6/direct-city adaptation to Civ5 scale,0,0,0,0,0,0,0,0,0,KEEP_V1_BASE,No verified VP numeric conflict; retain project/Civ5/Civ6 baseline pending global cost curve.,0,,,NONE,0,1.00,0,,0,MERGED_V5,BASE_V2
Sanctuary,Industrial,RELIGION_NATURE,350,2,0,0,0,0,1,2,0,0,0,0,0,0,0,0,0,0,,0,,0,,0,0,UNIMPROVED_NATURAL_TILE_FAITH=+1; UNIMPROVED_NATURAL_TILE_CULTURE=+1,B_CIV6_ADAPTED,VP_V2_AUDITED_PROVISIONAL,Civ6/direct-city adaptation to Civ5 scale; VP 2026 master verified/adapted building-system pass; project Health/Stability values provisional.,0,0,0,0,1,0,0,0,0,PROJECT_VP_ADAPTED,Late conservation/religion-nature capstone: Religious Unrest reduction 1 added as VP-style role; natural-tile effects retained.,0,,,NONE,0,1.00,0,,0,MERGED_V5,BASE_V2
Grid Battery Storage,Future,INDUSTRY_POWER,600,3,0,2,0,0,0,0,0,0,0,0,0,0,0,0,0,0,,0,,0,,0,0,GRID_STORAGE=1; RENEWABLE_POWER_RELIABILITY=1; POWER_SYSTEM_CAPACITY=PENDING,B_PROJECT_INTERPOLATED,LOCKED_BUILDING_V1,Project historical/interpolated balance,0,0,0,0,0,0,0,0,0,KEEP_V1_BASE,No verified VP numeric conflict; retain project/Civ5/Civ6 baseline pending global cost curve.,0,,Generates 0 Power; storage rule deferred,NONE,0,1.00,0,,0,MERGED_V5,BASE_V2;POWER_V4
Apothecary,Late Antiquity,FOOD_HEALTH,140,1,1,0,0,1,0,0,0,0,0,0,0,0,0,0,0,0,,0,,0,,0,0,HEALTH_SYSTEM_EFFECT=HEALTH_V1; BASELINE_FOOD_SCIENCE_LOCKED,B_PROJECT_INTERPOLATED,VP_V2_AUDITED_PROVISIONAL,Project historical/interpolated balance; Health & Plague layer must be audited before V2 lock; Project H&P-adapted medical building; quantitative Health/plague effect requires health pass; VP 2026 master verified/adapted building-system pass; project Health/Stability values provisional.,0,0,0,0,0,0,0,2,0,PROJECT_VP_ADAPTED,Project Health building: Health +2 provisional; existing Food/Science retained.,0,,,FLAT,2,1.00,-1,Plague duration reduction; final duration minimum 3 turns.,0,MERGED_V5,BASE_V2;HEALTH_V1
Armory,Late Antiquity,MILITARY_TRAINING,160,1,0,0,0,2,0,0,0,0,0,0,0,0,0,0,0,20,,0,,0,,0,0,,A_CIV5_BNW_EXACT,VP_V2_AUDITED_PROVISIONAL,Civ5 BNW direct numeric anchor; VP 2026 master verified/adapted building-system pass; project Health/Stability values provisional.,1,0,0,0,0,1,0,0,0,VP_EXACT_ADOPTED,"VP verified: Armory gives Supply +1, Distress reduction 1, +2 Science and 20 XP.",0,,,NONE,0,1.00,0,,0,MERGED_V5,BASE_V2
Garden,Late Antiquity,RELIGION_NATURE,120,1,0,0,0,0,0,0,0,0,0,0,0,0,0,0,0,0,,0,,0,,0,0,GREAT_PERSON_GENERATION_PERCENT=+25; VP_NO_UNHAPPY_SPECIALIST_DIVISOR=1; VP_OASIS_GOLD=+2,A_CIV5_BNW_EXACT,VP_V2_AUDITED_PROVISIONAL,Civ5 BNW direct numeric anchor; VP 2026 master verified/adapted building-system pass; project Health/Stability values provisional.,0,0,0,0,0,0,0,0,0,VP_EXACT_ADOPTED,VP verified Garden keeps Great Person role and removes specialist unhappiness at 1-per-specialist scale; oasis Gold +2 added.,0,,,NONE,0,1.00,0,,0,MERGED_V5,BASE_V2
Temple,Late Antiquity,RELIGION_NATURE,120,2,0,0,0,0,0,3,0,0,0,0,0,0,0,0,0,0,,0,,0,,0,0,HEALTH_IF_ANIMAL_SACRIFICE_BELIEF=+1; VP_RELIGIOUS_PRESSURE_PERCENT=25,A_CIV5_BNW_EXACT,VP_V2_AUDITED_PROVISIONAL,"Civ5 BNW direct numeric anchor; Health & Plague layer must be audited before V2 lock; 47-resource/More Luxuries interaction audit required; Base Temple unchanged; Health & Plague belief effect is conditional, not base Health; VP 2026 master verified/adapted building-system pass; project Health/Stability values provisional.",0,0,0,0,1,0,0,0,0,VP_EXACT_ADOPTED,"VP verified: Temple yields 3 Faith, Religious Unrest reduction 1, and +25% religious pressure.",0,,,NONE,0,1.00,0,,0,MERGED_V5,BASE_V2
Airport,Modern,AIR_SPACE,400,5,0,0,0,0,0,0,0,0,0,0,0,0,0,0,0,0,,0,,0,,0,0,AIRLIFT=1; GREAT_WORK_TOURISM_PERCENT=+50; HEALTH_EXTERNALITY=VIA_CITY_TOURISM_SYSTEM,A_CIV5_BNW_EXACT,VP_V2_AUDITED_PROVISIONAL,"Civ5 BNW direct numeric anchor; Health & Plague layer must be audited before V2 lock; Health & Plague Tourism penalty is a city-tourism system effect, not a direct Airport Health value; VP 2026 master verified/adapted building-system pass; project Health/Stability values provisional.",0,0,0,0,0,0,0,0,0,PROJECT_VP_ADAPTED,Existing BNW airlift/tourism role retained; no speculative Needs modifier added.,1,Production+2,,NONE,0,1.00,0,"Tourism/imported disease exposure handled by network rules, not flat negative Health.",0,MERGED_V5,BASE_V2;POWER_V4;HEALTH_V1
Hangar,Modern,AIR_SPACE,350,2,0,2,0,0,0,0,0,0,0,0,0,0,0,0,0,0,,0,,0,,0,0,AIR_UNIT_PRODUCTION_PERCENT=+25; AIR_UNIT_XP=+15,B_CIV6_ADAPTED,LOCKED_BUILDING_V1,Civ6/direct-city adaptation to Civ5 scale,0,0,0,0,0,0,0,0,0,KEEP_V1_BASE,No verified VP numeric conflict; retain project/Civ5/Civ6 baseline pending global cost curve.,0,,,NONE,0,1.00,0,,0,MERGED_V5,BASE_V2
Radar Station,Modern,CITY_DEFENSE,450,2,0,0,0,0,0,0,0,3,0,0,0,0,0,0,0,0,,0,,0,,0,0,CITY_AIR_INTERCEPTION_CHANCE_PERCENT=50; CITY_AIR_INTERCEPTION_RADIUS=2,B_PROJECT_INTERPOLATED,VP_V2_AUDITED_PROVISIONAL,Project historical/interpolated balance; VP 2026 master verified/adapted building-system pass; project Health/Stability values provisional.,0,0,0,0,0,0,0,0,0,PROJECT_VP_ADAPTED,Existing project air-defense values retained; no extra VP Needs value added.,0,,,NONE,0,1.00,0,,0,MERGED_V5,BASE_V2
Broadcast Center,Modern,CULTURE_MEDIA,500,3,0,0,0,0,0,0,0,0,0,0,0,0,0,0,0,0,,0,,0,Music,2,0,VP_CULTURE_PER_POPULATION=0.50; VP_TOURISM_PER_POPULATION=0.50,B_CIV5_FUNCTIONAL_REMAP,VP_V2_AUDITED_PROVISIONAL,Civ5 functional remap/adaptation; VP 2026 master verified/adapted building-system pass; project Health/Stability values provisional.,0,0,0,1,0,0,0,0,0,VP_EXACT_ADOPTED,"VP verified Broadcast Tower analogue: Boredom -1, two music slots, +0.5 Culture and Tourism per population; old flat/percent Culture removed.",3,Culture+4,,NONE,0,1.00,0,,0,MERGED_V5,BASE_V2;POWER_V4
Film Studio,Modern,CULTURE_MEDIA,450,3,0,0,0,0,2,0,0,0,0,0,0,0,0,0,0,0,,0,,0,Film,2,0,GREAT_WORK_FILM_TOURISM_PERCENT=+50,B_PROJECT_INTERPOLATED,LOCKED_BUILDING_V1,Project historical/interpolated balance,0,0,0,0,0,0,0,0,0,KEEP_V1_BASE,No verified VP numeric conflict; retain project/Civ5/Civ6 baseline pending global cost curve.,3,Culture+4,,NONE,0,1.00,0,,0,MERGED_V5,BASE_V2;POWER_V4
Aquatics Center,Modern,ENTERTAINMENT,450,3,0,0,0,0,0,0,1,0,0,0,0,0,0,0,0,0,,0,,0,,0,0,COASTAL_CITY_ONLY=1; COASTAL_OR_LAKE_ADJACENT_WONDER_TOURISM=+2_EACH,B_CIV6_ADAPTED,VP_V2_AUDITED_PROVISIONAL,Civ6/direct-city adaptation to Civ5 scale; VP 2026 master verified/adapted building-system pass; project Health/Stability values provisional.,0,0,0,1,0,0,0,0,0,PROJECT_VP_ADAPTED,Civ6 entertainment branch adapted to VP Needs: Boredom reduction 1; existing local Happiness retained.,2,Local Happiness+2,,NONE,0,1.00,0,,0,MERGED_V5,BASE_V2;POWER_V4
Stadium,Modern,ENTERTAINMENT,500,2,0,0,0,0,0,0,0,0,0,0,0,0,0,0,0,0,,0,,0,,0,0,VP_CITY_STATE_FRIENDSHIP_CHANGE=+20; VP_GREAT_WORK_TOURISM_PERCENT=+50; VP_GOLDEN_AGE_POINTS_PER_POPULATION=0.50,A_CIV5_BNW_EXACT,VP_V2_AUDITED_PROVISIONAL,Civ5 BNW direct numeric anchor; VP 2026 master verified/adapted building-system pass; project Health/Stability values provisional.,0,0,0,0,0,0,0,0,0,VP_EXACT_ADOPTED,"VP verified: Stadium direct Happiness removed; +20 city-state friendship, +50% Great Work Tourism and +0.5 Golden Age points/pop.",2,Local Happiness+2,,NONE,0,1.00,0,,0,MERGED_V5,BASE_V2;POWER_V4
Medical Lab,Modern,FOOD_HEALTH,500,3,0,0,0,0,0,0,0,0,0,15,0,0,0,0,0,0,,0,,0,,0,0,VP_POPULATION_CHANGE=+2; VP_SCIENCE_ON_BIRTH=50; VP_SCIENCE_ON_BIRTH_RETROACTIVE=50,A_CIV5_BNW_EXACT,VP_V2_AUDITED_PROVISIONAL,Civ5 BNW direct numeric anchor; Health & Plague layer must be audited before V2 lock; Health & Plague medical Health layer must be quantified before final lock; VP 2026 master verified/adapted building-system pass; project Health/Stability values provisional.,0,0,0,0,0,0,0,5,0,VP_EXACT_ADOPTED,"VP verified: Medical Lab gives +2 population, 15% food kept and 50 Science per birth retroactively. Project Health +5 provisional.",0,,,FLAT,5,1.00,-2,Plague duration reduction; final duration minimum 3 turns.,0,MERGED_V5,BASE_V2;HEALTH_V1
National History Museum,Modern,GOVERNMENT_DIPLOMACY,440,3,0,0,0,0,0,0,0,0,0,0,0,0,0,0,0,0,,0,,0,ANY,4,0,GOVERNOR_TITLE_REMOVED=1,B_CIV6_ADAPTED,VP_V2_AUDITED_PROVISIONAL,Civ6/direct-city adaptation to Civ5 scale; VP 2026 master verified/adapted building-system pass; project Health/Stability values provisional.,0,0,0,0,0,0,0,0,2,PROJECT_VP_ADAPTED,Tier-3 national institutional choice: provisional Stability +2; Great Work role retained.,0,,,NONE,0,1.00,0,,2,MERGED_V5,BASE_V2;STABILITY_BUILDING_V1
Royal Society,Modern,GOVERNMENT_DIPLOMACY,440,3,0,0,0,0,0,0,0,0,0,0,0,0,0,0,0,0,,0,,0,,0,0,GOVERNMENT_CENTER_CITY_PROJECT_PRODUCTION_PERCENT=+20; WORKER_CHARGE_CONSUMPTION_REMOVED=1; GOVERNOR_TITLE_REMOVED=1,B_CIV6_ADAPTED,VP_V2_AUDITED_PROVISIONAL,Civ6/direct-city adaptation to Civ5 scale; VP 2026 master verified/adapted building-system pass; project Health/Stability values provisional.,0,0,0,0,0,0,0,0,1,PROJECT_VP_ADAPTED,Government/institution building: provisional Stability +1 added while existing unique effect is retained.,0,,,NONE,0,1.00,0,,1,MERGED_V5,BASE_V2;STABILITY_BUILDING_V1
War Department,Modern,GOVERNMENT_DIPLOMACY,440,3,0,0,0,0,0,0,0,0,0,0,0,0,0,0,0,0,,0,,0,,0,0,ON_KILL_HEAL_HP=20; GOVERNOR_TITLE_REMOVED=1,B_CIV6_ADAPTED,VP_V2_AUDITED_PROVISIONAL,Civ6/direct-city adaptation to Civ5 scale; VP 2026 master verified/adapted building-system pass; project Health/Stability values provisional.,0,0,0,0,0,0,0,0,1,PROJECT_VP_ADAPTED,Government/institution building: provisional Stability +1 added while existing unique effect is retained.,0,,,NONE,0,1.00,0,,1,MERGED_V5,BASE_V2;STABILITY_BUILDING_V1
Research Lab,Modern,SCIENCE_EDUCATION,500,3,0,0,0,4,0,0,0,0,0,0,0,0,0,0,0,0,Scientist,1,,0,,0,0,PROJECT_ACADEMY_SCIENCE=+1; VP_GREAT_SCIENTIST_RATE_PERCENT=33; VP_LOCAL_SCIENCE_FROM_HOSPITAL_MEDLAB_FACTORY=+4,A_CIV5_BNW_EXACT,VP_V3_WORKER_GPTI_NERF,Civ5 BNW direct numeric anchor; VP 2026 master verified/adapted building-system pass; project Health/Stability values provisional.,0,0,1,0,0,0,0,0,0,PROJECT_VP_ADAPTED_WORKER_GPTI_NERF,Academy is an ordinary Worker-built NoTwoAdjacent improvement and already receives several technology upgrades; VP +4 Science is reduced to +1 while the Research Lab's own Science and Great Scientist functions remain.,3,Science+5,,NONE,0,1.00,0,,0,MERGED_V5,BASE_V2;V3;POWER_V4
Bastion Walls,Renaissance,CITY_DEFENSE,220,0,0,0,0,0,0,0,0,8,25,0,0,0,0,0,0,0,,0,,0,,0,0,,B_CIV6_ADAPTED,VP_V2_AUDITED_PROVISIONAL,Civ6/direct-city adaptation to Civ5 scale; VP 2026 master verified/adapted building-system pass; project Health/Stability values provisional.,0,0,0,0,0,0,5,0,0,PROJECT_VP_ADAPTED,VP defense-line adaptation: +5% city military supply; existing defense/HP values retained.,0,,,NONE,0,1.00,0,,0,MERGED_V5,BASE_V2
Bank,Renaissance,COMMERCE_TRADE,200,0,0,0,2,0,0,0,0,0,0,0,0,0,25,0,0,0,Merchant,1,,0,,0,0,VP_GOLD_FROM_CARAVANSARY_AND_MINT=+3_EACH; VP_SCIENCE_FROM_GOLD_PURCHASE_PERCENT=15,A_CIV5_BNW_EXACT,VP_V2_AUDITED_PROVISIONAL,Civ5 BNW direct numeric anchor; 47-resource/More Luxuries interaction audit required; More Luxuries defines no direct Bank bonus; keep BNW Bank values; VP 2026 master verified/adapted building-system pass; project Health/Stability values provisional.,0,0,0,0,0,0,0,0,0,VP_EXACT_ADOPTED,"VP verified: Bank +2 Gold, +3 local Gold from Caravansary/Mint analogues, and Science equal to 15% of Gold purchases; existing project percent Gold retained.",0,,,NONE,0,1.00,0,,0,MERGED_V5,BASE_V2
Art Museum,Exploration,CULTURE_MEDIA,250,2,0,0,0,0,2,0,0,0,0,0,0,0,0,0,0,0,,0,,0,Art,3,0,VP_CULTURE_PER_POPULATION=0.25; VP_TOURISM_PER_POPULATION=0.25,B_CIV6_ADAPTED,VP_V2_AUDITED_PROVISIONAL,Civ6/direct-city adaptation to Civ5 scale; VP 2026 master verified/adapted building-system pass; project Health/Stability values provisional.,0,0,0,1,0,0,0,0,0,PROJECT_VP_ADAPTED,VP Museum analogue: flat Boredom reduction 1 and 0.25 Culture/Tourism per population; applied to mutually exclusive museum branches.,0,,,NONE,0,1.00,0,,0,MERGED_V5,BASE_V2
Printing Press,Renaissance,CULTURE_MEDIA,200,1,0,0,0,0,2,0,0,0,0,0,0,0,0,0,0,0,,0,,0,Writing,1,0,,B_PROJECT_INTERPOLATED,VP_V2_AUDITED_PROVISIONAL,Project historical/interpolated balance; VP 2026 master verified/adapted building-system pass; project Health/Stability values provisional.,0,0,1,0,0,0,0,0,0,PROJECT_VP_ADAPTED,Project print infrastructure: Illiteracy reduction 1 added; writing slot and Culture retained.,0,,,NONE,0,1.00,0,,0,MERGED_V5,BASE_V2
Chancery,Renaissance,GOVERNMENT_DIPLOMACY,290,2,0,0,0,0,0,0,0,0,0,0,0,0,0,0,0,0,,0,,0,,0,0,INFLUENCE_POINTS_PER_TURN=+3; ON_ENEMY_SPY_KILLED_OR_CAPTURED_SCIENCE=50_PER_SPY_LEVEL,B_CIV6_ADAPTED,VP_V2_AUDITED_PROVISIONAL,Civ6/direct-city adaptation to Civ5 scale; VP 2026 master verified/adapted building-system pass; project Health/Stability values provisional.,0,0,0,0,0,0,0,0,1,PROJECT_VP_ADAPTED,Government/institution building: provisional Stability +1 added while existing unique effect is retained.,0,,,NONE,0,1.00,0,,1,MERGED_V5,BASE_V2;STABILITY_BUILDING_V1
Constabulary,Renaissance,GOVERNMENT_DIPLOMACY,220,1,0,0,0,0,0,0,0,0,0,0,0,0,0,0,0,0,,0,,0,,0,0,ENEMY_SPY_TECH_STEAL_EFFECTIVENESS_PERCENT=-25; VP_SPY_SECURITY=+15; VP_SPY_SECURITY_PER_4_POP=+1; VP_PRODUCTION_FROM_SPY_ATTACK=50; VP_COST_AUDIT=160_TO_220,A_CIV5_BNW_EXACT,VP_V2_AUDITED_PROVISIONAL,Civ5 BNW direct numeric anchor; VP 2026 master verified/adapted building-system pass; project Health/Stability values provisional.,1,0,0,0,0,0,0,0,1,VP_EXACT_ADOPTED,VP espionage/Distress role adopted; Renaissance cost raised 160→220 to avoid an anomalously cheap late administrative building.,0,,,NONE,0,1.00,0,,1,MERGED_V5,BASE_V2;STABILITY_BUILDING_V1
Arsenal,Renaissance,MILITARY_TRAINING,300,0,0,0,0,0,0,0,0,9,25,0,0,0,0,0,0,0,,0,,0,,0,0,VP_HEAL_RATE_CHANGE=+5,A_CIV5_BNW_EXACT,VP_V2_AUDITED_PROVISIONAL,Civ5 BNW direct numeric anchor; VP 2026 master verified/adapted building-system pass; project Health/Stability values provisional.,0,0,0,0,0,0,5,0,0,VP_EXACT_ADOPTED,VP verified: Arsenal +5% supply and +5 healing; defense values retained.,0,,,NONE,0,1.00,0,,0,MERGED_V5,BASE_V2
Smokehouse,Ancient,FOOD_HEALTH,75,1,0,0,0,0,0,0,,,,,,,,,,,,0,,,,,,CAMP_PRODUCTION=+1; BORDER_GROWTH_FOOD=10; BISON_FOOD=+1; DEER_FOOD=+1,PROJECT_V3_OVERRIDE,VP_V3_PROJECT_ADAPTED,Building V3 additive override,,,,,,,,,,PROJECT_VP_ADAPTED,Current VP role retained at project Trapping gate; 75 Production matches the project's early specialized-building band and remains subject only to the future common building-cost multiplier.,0,,,NONE,0,1.00,0,Bison/Deer Food bonuses remain food effects only.,0,MERGED_V5,V3;HEALTH_V1
Forge,Ancient,INDUSTRY_POWER,75,1,0,0,0,1,0,0,,,,,,,,,,,Engineer,1,,,,,,MINE_PRODUCTION=+1; IRON_PRODUCTION=+1; IRON_GOLD=+1; COPPER_GOLD=+2,PROJECT_V3_OVERRIDE,VP_V3_PROJECT_ADAPTED,Building V3 additive override,,,,,,,,,,PROJECT_VP_ADAPTED,Current VP Forge role retained at Bronze Working; no unsupported flat Production added because the verified VP role is Science +1 plus Engineer slot and Mine/resource enhancement.,0,,,NONE,0,1.00,0,,0,MERGED_V5,V3
