"UNIT_EN","PROJECT_ERA","ROLE_FAMILY","COMBAT","RANGED_COMBAT","RANGE","MOVES","PRODUCTION_COST","INTERCEPT_RANGE","PARADROP_RANGE","CARGO_CAPACITY","STRATEGIC_RESOURCE","RESOURCE_SLOT_COST","RESOURCE_UPKEEP_PER_TURN","GOLD_MAINTENANCE_RULE","SUPPLY_RULE","SOURCE_GRADE","NUMERIC_BASIS","NUMERIC_STATUS","VP_EQUIVALENT","VP_PROPOSED_COMBAT","VP_PROPOSED_RANGED_COMBAT","VP_PROPOSED_RANGE","VP_PROPOSED_MOVES","VP_PRODUCTION_COST_REFERENCE","VP_AUDIT_STATUS","VP_AUDIT_REASON"
"Spearman","Ancient","ANTI_CAVALRY","11","","0","2","56","0","0","0","","0","0","GLOBAL_CIV5_FORMULA","ONE_SUPPLY","A_CIV5_BNW_EXACT","Civ5 BNW","LOCKED_MILITARY_V1","Spearman","12","","0","2","TIER_CURVE","VP_DIRECT_ADOPT","Direct VP class counterpart; combat/range/move values should replace BNW baseline."
"Settler","Ancient","CIVILIAN_SETTLER","","","0","2","","0","0","0","","0","0","GLOBAL_CIV5_FORMULA","ONE_SUPPLY","D_SYSTEM_DEFERRED","Founding-unit production cost balanced separately","DEFERRED_SYSTEM_ECONOMY","","","","0","2","","PROJECT_UNIT_RETAIN","No clean VP generic counterpart or project-specific support/civilian role; retain current values until role-family interpolation."
"Work Boat","Ancient","CIVILIAN_WORKER","","","0","4","50","0","0","0","","0","0","GLOBAL_CIV5_FORMULA","ONE_SUPPLY","A_CIV5_BNW_EXACT","Civ5 BNW civilian","LOCKED_MILITARY_V1","Work Boat","","","0","2","40","VP_DIRECT_ADOPT","Direct VP class counterpart; combat/range/move values should replace BNW baseline."
"Worker","Ancient","CIVILIAN_WORKER","","","0","2","70","0","0","0","","0","0","GLOBAL_CIV5_FORMULA","ONE_SUPPLY","A_CIV5_BNW_EXACT","Civ5 BNW civilian","LOCKED_MILITARY_V1","Worker","","","0","2","80","VP_DIRECT_ADOPT","Direct VP class counterpart; combat/range/move values should replace BNW baseline."
"Warrior","Ancient","MELEE_INFANTRY","8","","0","2","40","0","0","0","","0","0","GLOBAL_CIV5_FORMULA","ONE_SUPPLY","A_CIV5_BNW_EXACT","Civ5 BNW","LOCKED_MILITARY_V1","Warrior","8","","0","2","40","VP_DIRECT_ADOPT","Direct VP class counterpart; combat/range/move values should replace BNW baseline."
"Trireme","Ancient","NAVAL_MELEE","10","","0","4","45","0","0","0","","0","0","GLOBAL_CIV5_FORMULA","ONE_SUPPLY","A_CIV5_BNW_EXACT","Civ5 BNW","LOCKED_MILITARY_V1","Trireme","18","","0","5","120","VP_DIRECT_ADOPT","Direct VP class counterpart; combat/range/move values should replace BNW baseline."
"Chariot Archer","Ancient","RANGED_CAVALRY","6","10","2","4","56","0","0","0","Horses","1","0","GLOBAL_CIV5_FORMULA","ONE_SUPPLY","A_CIV5_BNW_EXACT","Civ5 BNW","LOCKED_MILITARY_V1","Chariot Archer","8","8","1","4","TIER_CURVE","VP_DIRECT_ADOPT","Direct VP class counterpart; combat/range/move values should replace BNW baseline."
"Archer","Ancient","RANGED_INFANTRY","5","7","2","2","40","0","0","0","","0","0","GLOBAL_CIV5_FORMULA","ONE_SUPPLY","A_CIV5_BNW_EXACT","Civ5 BNW","LOCKED_MILITARY_V1","Archer","6","9","2","2","TIER_CURVE","VP_DIRECT_ADOPT","Direct VP class counterpart; combat/range/move values should replace BNW baseline."
"Scout","Ancient","RECON","5","","0","2","25","0","0","0","","0","0","GLOBAL_CIV5_FORMULA","ONE_SUPPLY","A_CIV5_BNW_EXACT","Civ5 BNW","LOCKED_MILITARY_V1","Scout","10","","0","3","TIER_CURVE","VP_DIRECT_ADOPT","Direct VP class counterpart; combat/range/move values should replace BNW baseline."
"Inquisitor","Ancient","RELIGIOUS","","","0","2","","0","0","0","","0","0","GLOBAL_CIV5_FORMULA","ONE_SUPPLY","D_SYSTEM_DEFERRED","Faith/system-purchased religious unit","DEFERRED_SYSTEM_ECONOMY","Inquisitor","","","0","3","TIER_CURVE","VP_DIRECT_ADOPT","Direct VP class counterpart; combat/range/move values should replace BNW baseline."
"Missionary","Ancient","RELIGIOUS","","","0","2","","0","0","0","","0","0","GLOBAL_CIV5_FORMULA","ONE_SUPPLY","D_SYSTEM_DEFERRED","Faith/system-purchased religious unit","DEFERRED_SYSTEM_ECONOMY","Missionary","","","0","4","TIER_CURVE","VP_DIRECT_ADOPT","Direct VP class counterpart; combat/range/move values should replace BNW baseline."
"Battering Ram","Ancient","SUPPORT_SIEGE","","","0","2","70","0","0","0","","0","0","GLOBAL_CIV5_FORMULA","ONE_SUPPLY","C_CIV6_ADAPTED","Support unit; no direct combat strength","LOCKED_MILITARY_V1","","","","0","2","","PROJECT_UNIT_RETAIN","No clean VP generic counterpart or project-specific support/civilian role; retain current values until role-family interpolation."
"Caravan","Ancient","TRADE","","","0","2","75","0","0","0","","0","0","GLOBAL_CIV5_FORMULA_TRADE_SUPPLY_EXEMPT","SUPPLY_EXEMPT","B_CIV5_SYSTEM_ANCHOR","Trade unit","LOCKED_MILITARY_V1","Caravan","","","0","2","90","VP_DIRECT_ADOPT","Direct VP class counterpart; combat/range/move values should replace BNW baseline."
"Cargo Ship","Ancient","TRADE","","","0","4","100","0","0","0","","0","0","GLOBAL_CIV5_FORMULA_TRADE_SUPPLY_EXEMPT","SUPPLY_EXEMPT","B_CIV5_SYSTEM_ANCHOR","Maritime trade unit","LOCKED_MILITARY_V1","Cargo Ship","","","0","4","140","VP_DIRECT_ADOPT","Direct VP class counterpart; combat/range/move values should replace BNW baseline."
"Horseman","Classical","LIGHT_CAVALRY","12","","0","4","75","0","0","0","Horses","1","0","GLOBAL_CIV5_FORMULA","ONE_SUPPLY","A_CIV5_BNW_EXACT","Civ5 BNW","LOCKED_MILITARY_V1","Horseman","14","","0","4","TIER_CURVE","VP_DIRECT_ADOPT","Direct VP class counterpart; combat/range/move values should replace BNW baseline."
"Swordsman","Classical","MELEE_INFANTRY","14","","0","2","75","0","0","0","Iron","1","0","GLOBAL_CIV5_FORMULA","ONE_SUPPLY","A_CIV5_BNW_EXACT","Civ5 BNW","LOCKED_MILITARY_V1","Swordsman","16","","0","2","100","VP_DIRECT_ADOPT","Direct VP class counterpart; combat/range/move values should replace BNW baseline."
"Quadrireme","Classical","NAVAL_RANGED","12","14","1","3","80","0","0","0","","0","0","GLOBAL_CIV5_FORMULA","ONE_SUPPLY","B_PROJECT_INTERPOLATED","Scaled between ancient naval and Galleass anchors","LOCKED_MILITARY_V1","Liburna analogue","7","16","1","4","100","VP_ANALOGUE_ADOPT","Closest VP class analogue; stats can be adopted but project name/timing remains."
"Composite Bowman","Classical","RANGED_INFANTRY","7","11","2","2","75","0","0","0","","0","0","GLOBAL_CIV5_FORMULA","ONE_SUPPLY","A_CIV5_BNW_EXACT","Civ5 BNW","LOCKED_MILITARY_V1","Composite Bowman","11","14","2","2","TIER_CURVE","VP_DIRECT_ADOPT","Direct VP class counterpart; combat/range/move values should replace BNW baseline."
"Catapult","Classical","SIEGE","7","8","2","2","75","0","0","0","","0","0","GLOBAL_CIV5_FORMULA","ONE_SUPPLY","A_CIV5_BNW_EXACT","Civ5 BNW","LOCKED_MILITARY_V1","Catapult","5","13","2","2","TIER_CURVE","VP_DIRECT_ADOPT","Direct VP class counterpart; combat/range/move values should replace BNW baseline."
"Siege Tower","Classical","SUPPORT_SIEGE","","","0","2","100","0","0","0","","0","0","GLOBAL_CIV5_FORMULA","ONE_SUPPLY","C_CIV6_ADAPTED","Support unit; no direct combat strength","LOCKED_MILITARY_V1","Siege Tower","","","0","4","100","VP_DIRECT_ADOPT","Direct VP class counterpart; combat/range/move values should replace BNW baseline."
"Pikeman","Late Antiquity","ANTI_CAVALRY","16","","0","2","90","0","0","0","","0","0","GLOBAL_CIV5_FORMULA","ONE_SUPPLY","A_CIV5_BNW_EXACT","Civ5 BNW","LOCKED_MILITARY_V1","Pikeman","18","","0","2","TIER_CURVE","VP_DIRECT_ADOPT","Direct VP class counterpart; combat/range/move values should replace BNW baseline."
"Knight","Late Antiquity","HEAVY_CAVALRY","20","","0","4","120","0","0","0","","0","0","GLOBAL_CIV5_FORMULA","ONE_SUPPLY","A_CIV5_BNW_EXACT","Civ5 BNW","LOCKED_MILITARY_V1","Knight","24","","0","4","TIER_CURVE","VP_DIRECT_ADOPT","Direct VP class counterpart; combat/range/move values should replace BNW baseline."
"Military Engineer","Late Antiquity","SUPPORT_ENGINEER","","","0","2","150","0","0","0","","0","0","GLOBAL_CIV5_FORMULA","ONE_SUPPLY","C_CIV6_ADAPTED","Support specialist","LOCKED_MILITARY_V1","","","","0","2","","PROJECT_UNIT_RETAIN","No clean VP generic counterpart or project-specific support/civilian role; retain current values until role-family interpolation."
"Fire Lance","Early Medieval","GUNPOWDER_INFANTRY","18","","0","2","110","0","0","0","Niter","1","0","GLOBAL_CIV5_FORMULA","ONE_SUPPLY","B_PROJECT_INTERPOLATED","Early gunpowder stage between Pikeman/Swordsman and Arquebusier","LOCKED_MILITARY_V1","","18","","0","2","","PROJECT_UNIT_RETAIN","No clean VP generic counterpart or project-specific support/civilian role; retain current values until role-family interpolation."
"Man-at-Arms","High Medieval","MELEE_INFANTRY","21","","0","2","120","0","0","0","","0","0","GLOBAL_CIV5_FORMULA","ONE_SUPPLY","B_CIV5_STAGE_REMAP","Uses Civ5 Longswordsman combat/cost anchor","LOCKED_MILITARY_V1","Longswordsman","23","","0","2","160","VP_ANALOGUE_ADOPT","Closest VP class analogue; stats can be adopted but project name/timing remains."
"Galleass","High Medieval","NAVAL_RANGED","16","17","2","3","100","0","0","0","","0","0","GLOBAL_CIV5_FORMULA","ONE_SUPPLY","A_CIV5_BNW_EXACT","Civ5 BNW","LOCKED_MILITARY_V1","Galleass","14","24","1","4","175","VP_DIRECT_ADOPT","Direct VP class counterpart; combat/range/move values should replace BNW baseline."
"Crossbowman","High Medieval","RANGED_INFANTRY","13","18","2","2","120","0","0","0","","0","0","GLOBAL_CIV5_FORMULA","ONE_SUPPLY","A_CIV5_BNW_EXACT","Civ5 BNW","LOCKED_MILITARY_V1","Crossbowman","15","19","2","2","TIER_CURVE","VP_DIRECT_ADOPT","Direct VP class counterpart; combat/range/move values should replace BNW baseline."
"Trebuchet","High Medieval","SIEGE","12","14","2","2","120","0","0","0","","0","0","GLOBAL_CIV5_FORMULA","ONE_SUPPLY","A_CIV5_BNW_EXACT","Civ5 BNW","LOCKED_MILITARY_V1","Trebuchet","8","20","2","2","TIER_CURVE","VP_DIRECT_ADOPT","Direct VP class counterpart; combat/range/move values should replace BNW baseline."
"Pike and Shot","Renaissance","ANTI_CAVALRY","22","","0","2","150","0","0","0","","0","0","GLOBAL_CIV5_FORMULA","ONE_SUPPLY","C_CIV6_SCALED","Civ6 role scaled to Civ5 Musket-era strength","LOCKED_MILITARY_V1","Tercio","26","","0","2","TIER_CURVE","VP_ANALOGUE_ADOPT","Closest VP class analogue; stats can be adopted but project name/timing remains."
"Spy","Renaissance","ESPIONAGE","","","0","0","","0","0","0","","0","0","GLOBAL_CIV5_FORMULA","ONE_SUPPLY","D_SYSTEM_DEFERRED","Off-map espionage unit","DEFERRED_SYSTEM_ECONOMY","","","","0","0","","PROJECT_UNIT_RETAIN","No clean VP generic counterpart or project-specific support/civilian role; retain current values until role-family interpolation."
"Arquebusier","Renaissance","GUNPOWDER_INFANTRY","24","","0","2","150","0","0","0","","0","0","GLOBAL_CIV5_FORMULA","ONE_SUPPLY","B_CIV5_STAGE_REMAP","Uses Civ5 Musketman anchor","LOCKED_MILITARY_V1","","24","","0","2","","PROJECT_UNIT_RETAIN","No clean VP generic counterpart or project-specific support/civilian role; retain current values until role-family interpolation."
"Lancer","Renaissance","HEAVY_CAVALRY","25","","0","4","185","0","0","0","Horses","1","0","GLOBAL_CIV5_FORMULA","ONE_SUPPLY","A_CIV5_BNW_EXACT","Civ5 BNW","LOCKED_MILITARY_V1","Lancer","37","","0","4","TIER_CURVE","VP_DIRECT_ADOPT","Direct VP class counterpart; combat/range/move values should replace BNW baseline."
"Bombard","Renaissance","SIEGE","14","20","2","2","185","0","0","0","Niter","1","0","GLOBAL_CIV5_FORMULA","ONE_SUPPLY","B_CIV5_STAGE_REMAP","Uses Civ5 Cannon anchor","LOCKED_MILITARY_V1","Cannon","11","29","2","2","TIER_CURVE","VP_ANALOGUE_ADOPT","Closest VP class analogue; stats can be adopted but project name/timing remains."
"Pioneer","Exploration","CIVILIAN_SETTLER","","","0","2","","0","0","0","","0","0","GLOBAL_CIV5_FORMULA","ONE_SUPPLY","D_SYSTEM_DEFERRED","Advanced founding-unit cost balanced with founding package","DEFERRED_SYSTEM_ECONOMY","Pioneer","","","0","3","TIER_CURVE","VP_ANALOGUE_ADOPT","Closest VP class analogue; stats can be adopted but project name/timing remains."
"Line Infantry","Exploration","GUNPOWDER_INFANTRY","28","","0","2","190","0","0","0","","0","0","GLOBAL_CIV5_FORMULA","ONE_SUPPLY","B_PROJECT_INTERPOLATED","Between Civ5 Musketman 24/150 and Rifleman 34/225","LOCKED_MILITARY_V1","","28","","0","2","","PROJECT_UNIT_RETAIN","No clean VP generic counterpart or project-specific support/civilian role; retain current values until role-family interpolation."
"Caravel","Exploration","NAVAL_MELEE","20","","0","4","120","0","0","0","","0","0","GLOBAL_CIV5_FORMULA","ONE_SUPPLY","A_CIV5_BNW_EXACT","Civ5 BNW","LOCKED_MILITARY_V1","Caravel","25","","0","4","160","VP_DIRECT_ADOPT","Direct VP class counterpart; combat/range/move values should replace BNW baseline."
"Galleon","Exploration","NAVAL_MELEE","25","","0","4","160","0","0","0","","0","0","GLOBAL_CIV5_FORMULA","ONE_SUPPLY","B_PROJECT_INTERPOLATED","EE/project ocean-going melee hull","LOCKED_MILITARY_V1","","25","","0","4","","PROJECT_UNIT_RETAIN","No clean VP generic counterpart or project-specific support/civilian role; retain current values until role-family interpolation."
"Privateer","Exploration","NAVAL_RAIDER","25","","0","5","150","0","0","0","","0","0","GLOBAL_CIV5_FORMULA","ONE_SUPPLY","A_CIV5_BNW_ANCHOR","Civ5 privateer-scale raider","LOCKED_MILITARY_V1","Privateer/Corvette","40","","0","4","350","VP_ANALOGUE_ADOPT","Closest VP class analogue; stats can be adopted but project name/timing remains."
"Frigate","Exploration","NAVAL_RANGED","25","28","2","5","185","0","0","0","","0","0","GLOBAL_CIV5_FORMULA","ONE_SUPPLY","A_CIV5_BNW_EXACT","Civ5 BNW","LOCKED_MILITARY_V1","Frigate","25","35","2","4","375","VP_DIRECT_ADOPT","Direct VP class counterpart; combat/range/move values should replace BNW baseline."
"Ship of the Line","Exploration","NAVAL_RANGED","30","37","2","5","220","0","0","0","","0","0","GLOBAL_CIV5_FORMULA","ONE_SUPPLY","B_EE_PROJECT_ADAPTED","EE standardization; ranged adaptation in project roster","LOCKED_MILITARY_V1","","30","37","2","5","","PROJECT_UNIT_RETAIN","No clean VP generic counterpart or project-specific support/civilian role; retain current values until role-family interpolation."
"Skirmisher","Exploration","RANGED_INFANTRY","18","24","2","2","160","0","0","0","","0","0","GLOBAL_CIV5_FORMULA","ONE_SUPPLY","B_EE_PROJECT_ADAPTED","Between Crossbowman and Gatling Gun","LOCKED_MILITARY_V1","","18","24","2","2","","PROJECT_UNIT_RETAIN","No clean VP generic counterpart or project-specific support/civilian role; retain current values until role-family interpolation."
"Explorer","Exploration","RECON","16","","0","3","120","0","0","0","","0","0","GLOBAL_CIV5_FORMULA","ONE_SUPPLY","B_EE_PROJECT_ADAPTED","Recon extension; mobility weighted over combat","LOCKED_MILITARY_V1","Explorer","17","","0","3","TIER_CURVE","VP_DIRECT_ADOPT","Direct VP class counterpart; combat/range/move values should replace BNW baseline."
"Field Gun","Exploration","SIEGE","18","24","2","2","220","0","0","0","","0","0","GLOBAL_CIV5_FORMULA","ONE_SUPPLY","B_EE_PROJECT_ADAPTED","Intermediate siege stage between Cannon/Bombard and Artillery","LOCKED_MILITARY_V1","Field Gun","17","40","2","2","TIER_CURVE","VP_DIRECT_ADOPT","Direct VP class counterpart; combat/range/move values should replace BNW baseline."
"Archaeologist","Enlightenment","CIVILIAN_ARCHAEOLOGY","","","0","4","200","0","0","0","","0","0","GLOBAL_CIV5_FORMULA","ONE_SUPPLY","A_CIV5_BNW_EXACT","Civ5 BNW civilian","LOCKED_MILITARY_V1","Archaeologist","","","0","4","450","VP_DIRECT_ADOPT","Direct VP class counterpart; combat/range/move values should replace BNW baseline."
"Cavalry","Enlightenment","LIGHT_CAVALRY","34","","0","4","225","0","0","0","","0","0","GLOBAL_CIV5_FORMULA","ONE_SUPPLY","A_CIV5_BNW_EXACT","Civ5 BNW","LOCKED_MILITARY_V1","VP role differs","","","","","","ROLE_CONFLICT_REVIEW","VP treats Cavalry as 40/31 range-1 mounted skirmisher with 5 Moves, while project uses melee LIGHT_CAVALRY. Keep project role pending explicit class decision."
"Colonist","Industrial","CIVILIAN_SETTLER","","","0","2","","0","0","0","","0","0","GLOBAL_CIV5_FORMULA","ONE_SUPPLY","D_SYSTEM_DEFERRED","Advanced founding-unit cost balanced with founding package","DEFERRED_SYSTEM_ECONOMY","Colonist","","","0","4","TIER_CURVE","VP_ANALOGUE_ADOPT","Closest VP class analogue; stats can be adopted but project name/timing remains."
"Naturalist","Industrial","CIVILIAN_CONSERVATION","","","0","4","","0","0","0","","0","0","GLOBAL_CIV5_FORMULA","ONE_SUPPLY","D_SYSTEM_DEFERRED","Faith/system-purchased conservation unit","DEFERRED_SYSTEM_ECONOMY","","","","0","4","","PROJECT_UNIT_RETAIN","No clean VP generic counterpart or project-specific support/civilian role; retain current values until role-family interpolation."
"Infantry","Industrial","GUNPOWDER_INFANTRY","50","","0","2","320","0","0","0","","0","0","GLOBAL_CIV5_FORMULA","ONE_SUPPLY","B_CIV5_STAGE_REMAP","Uses Civ5 Great War Infantry stage because project omits that unit name","LOCKED_MILITARY_V1","Infantry","62","","0","2","TIER_CURVE","VP_DIRECT_ADOPT","Direct VP class counterpart; combat/range/move values should replace BNW baseline."
"Rifleman","Industrial","GUNPOWDER_INFANTRY","34","","0","2","225","0","0","0","","0","0","GLOBAL_CIV5_FORMULA","ONE_SUPPLY","A_CIV5_BNW_EXACT","Civ5 BNW","LOCKED_MILITARY_V1","Rifleman","38","","0","2","TIER_CURVE","VP_DIRECT_ADOPT","Direct VP class counterpart; combat/range/move values should replace BNW baseline."
"Ironclad","Industrial","NAVAL_MELEE","45","","0","3","250","0","0","0","","0","0","GLOBAL_CIV5_FORMULA","ONE_SUPPLY","A_CIV5_BNW_EXACT","Civ5 BNW","LOCKED_MILITARY_V1","Ironclad","55","","0","5","900","VP_DIRECT_ADOPT","Direct VP class counterpart; combat/range/move values should replace BNW baseline."
"Submarine","Industrial","NAVAL_RAIDER","35","60","2","5","325","0","0","0","","0","0","GLOBAL_CIV5_FORMULA","ONE_SUPPLY","A_CIV5_BNW_EXACT","Civ5 BNW","LOCKED_MILITARY_V1","Submarine","40","60","1","4","1300","VP_DIRECT_ADOPT","Direct VP class counterpart; combat/range/move values should replace BNW baseline."
"Battleship","Industrial","NAVAL_RANGED","55","65","3","5","375","0","0","0","","0","0","GLOBAL_CIV5_FORMULA","ONE_SUPPLY","A_CIV5_BNW_EXACT","Civ5 BNW","LOCKED_MILITARY_V1","Battleship","60","75","3","5","1800","VP_DIRECT_ADOPT","Direct VP class counterpart; combat/range/move values should replace BNW baseline."
"Cruiser","Industrial","NAVAL_RANGED","45","55","2","6","300","0","0","0","","0","0","GLOBAL_CIV5_FORMULA","ONE_SUPPLY","B_EE_PROJECT_ADAPTED","Intermediate fast armored naval-ranged branch","LOCKED_MILITARY_V1","Cruiser","40","55","2","4","900","VP_DIRECT_ADOPT","Direct VP class counterpart; combat/range/move values should replace BNW baseline."
"Gatling Gun","Industrial","RANGED_INFANTRY","30","30","1","2","225","0","0","0","","0","0","GLOBAL_CIV5_FORMULA","ONE_SUPPLY","A_CIV5_BNW_EXACT","Civ5 BNW","LOCKED_MILITARY_V1","Gatling Gun","32","44","2","2","TIER_CURVE","VP_DIRECT_ADOPT","Direct VP class counterpart; combat/range/move values should replace BNW baseline."
"Ranger","Industrial","RECON","40","50","2","3","300","0","0","0","","0","0","GLOBAL_CIV5_FORMULA","ONE_SUPPLY","C_CIV6_SCALED","Civ6 Ranger role scaled to Civ5 late-industrial curve","LOCKED_MILITARY_V1","","40","50","2","3","","PROJECT_UNIT_RETAIN","No clean VP generic counterpart or project-specific support/civilian role; retain current values until role-family interpolation."
"Artillery","Industrial","SIEGE","21","28","3","2","250","0","0","0","","0","0","GLOBAL_CIV5_FORMULA","ONE_SUPPLY","A_CIV5_BNW_XML","Civ5 BNW XML anchor","LOCKED_MILITARY_V1","Artillery","27","50","3","2","TIER_CURVE","VP_DIRECT_ADOPT","Direct VP class counterpart; combat/range/move values should replace BNW baseline."
"Medic","Industrial","SUPPORT_MEDICAL","","","0","2","200","0","0","0","","0","0","GLOBAL_CIV5_FORMULA","ONE_SUPPLY","C_CIV6_SCALED","Support/healing unit","LOCKED_MILITARY_V1","","","","0","2","","PROJECT_UNIT_RETAIN","No clean VP generic counterpart or project-specific support/civilian role; retain current values until role-family interpolation."
"Urban Planner","Modern","CIVILIAN_SETTLER","","","0","2","","0","0","0","","0","0","GLOBAL_CIV5_FORMULA","ONE_SUPPLY","D_SYSTEM_DEFERRED","Advanced founding-unit cost balanced with founding package","DEFERRED_SYSTEM_ECONOMY","","","","0","2","","PROJECT_UNIT_RETAIN","No clean VP generic counterpart or project-specific support/civilian role; retain current values until role-family interpolation."
"Bomber","Modern","AIR_BOMBER","","65","10","0","375","0","0","0","","0","0","GLOBAL_CIV5_FORMULA","ONE_SUPPLY","A_CIV5_BNW_EXACT","Air unit uses operational range rather than tile movement","LOCKED_MILITARY_V1","Bomber","0","65","8","0","1500","VP_DIRECT_ADOPT","Direct VP class counterpart; combat/range/move values should replace BNW baseline."
"Great War Bomber","Modern","AIR_BOMBER","","50","6","0","325","0","0","0","","0","0","GLOBAL_CIV5_FORMULA","ONE_SUPPLY","A_CIV5_BNW_EXACT","Air unit uses operational range rather than tile movement","LOCKED_MILITARY_V1","WWI Bomber","0","50","6","0","850","VP_DIRECT_ADOPT","Direct VP class counterpart; combat/range/move values should replace BNW baseline."
"Fighter","Modern","AIR_FIGHTER","","45","8","0","375","2","0","0","","0","0","GLOBAL_CIV5_FORMULA","ONE_SUPPLY","A_CIV5_BNW_EXACT","Air unit uses operational range rather than tile movement","LOCKED_MILITARY_V1","Fighter","0","60","8","0","1400","VP_DIRECT_ADOPT","Direct VP class counterpart; combat/range/move values should replace BNW baseline."
"Triplane","Modern","AIR_FIGHTER","","35","5","0","325","2","0","0","","0","0","GLOBAL_CIV5_FORMULA","ONE_SUPPLY","A_CIV5_BNW_EXACT","Air unit uses operational range rather than tile movement","LOCKED_MILITARY_V1","Triplane","0","45","6","0","800","VP_DIRECT_ADOPT","Direct VP class counterpart; combat/range/move values should replace BNW baseline."
"Marine","Modern","AIRBORNE_INFANTRY","65","","0","2","400","0","0","0","","0","0","GLOBAL_CIV5_FORMULA","ONE_SUPPLY","A_CIV5_BNW_EXACT","Civ5 BNW specialist infantry","LOCKED_MILITARY_V1","Marine/Special Forces","65","","0","3","TIER_CURVE","VP_ANALOGUE_ADOPT","Closest VP class analogue; stats can be adopted but project name/timing remains."
"Paratrooper","Modern","AIRBORNE_INFANTRY","65","","0","2","375","0","9","0","","0","0","GLOBAL_CIV5_FORMULA","ONE_SUPPLY","A_CIV5_BNW_EXACT","Civ5 BNW","LOCKED_MILITARY_V1","Paratrooper","42","","0","3","TIER_CURVE","VP_DIRECT_ADOPT","Direct VP class counterpart; combat/range/move values should replace BNW baseline."
"Anti-Air Gun","Modern","ANTI_AIR","50","","0","2","375","2","0","0","","0","0","GLOBAL_CIV5_FORMULA","ONE_SUPPLY","A_CIV5_BNW_EXACT","Civ5 BNW; interception range stored separately","LOCKED_MILITARY_V1","Anti-Aircraft Gun","40","","0","2","TIER_CURVE","VP_DIRECT_ADOPT","Direct VP class counterpart; combat/range/move values should replace BNW baseline."
"Anti-Tank Gun","Modern","ANTI_ARMOR","50","","0","2","300","0","0","0","","0","0","GLOBAL_CIV5_FORMULA","ONE_SUPPLY","A_CIV5_BNW_EXACT","Civ5 BNW","LOCKED_MILITARY_V1","VP role differs","","","","","","ROLE_CONFLICT_REVIEW","VP repurposes this class as a ranged light-tank/skirmisher (58/52, range 1, 5 Moves); project intentionally uses anti-armor gun. Do not copy blindly."
"Landship","Modern","ARMORED","60","","0","4","350","0","0","0","","0","0","GLOBAL_CIV5_FORMULA","ONE_SUPPLY","A_CIV5_BNW_EXACT","Civ5 BNW","LOCKED_MILITARY_V1","Landship","60","","0","4","TIER_CURVE","VP_DIRECT_ADOPT","Direct VP class counterpart; combat/range/move values should replace BNW baseline."
"Tank","Modern","ARMORED","70","","0","5","375","0","0","0","Oil","1","0","GLOBAL_CIV5_FORMULA","ONE_SUPPLY","A_CIV5_BNW_EXACT","Civ5 BNW","LOCKED_MILITARY_V1","Tank","75","","0","5","TIER_CURVE","VP_DIRECT_ADOPT","Direct VP class counterpart; combat/range/move values should replace BNW baseline."
"Mechanized Infantry","Modern","GUNPOWDER_INFANTRY","70","","0","3","375","0","0","0","","0","0","GLOBAL_CIV5_FORMULA","ONE_SUPPLY","B_CIV5_STAGE_REMAP","Uses Civ5 Infantry strength as project's Combined-Arms mechanized stage","LOCKED_MILITARY_V1","Mechanized Infantry","80","","0","3","TIER_CURVE","VP_DIRECT_ADOPT","Direct VP class counterpart; combat/range/move values should replace BNW baseline."
"Aircraft Carrier","Modern","NAVAL_CARRIER","30","","0","5","375","0","0","2","","0","0","GLOBAL_CIV5_FORMULA","ONE_SUPPLY","A_CIV5_BNW_XML","Civ5 BNW exact: base air cargo 2; Flight Deck I-III add +1 each","LOCKED_MILITARY_V1","Carrier","70","45","2","5","1800","ROLE_CONFLICT_REVIEW","VP carrier has 70 melee defense and 45 ranged strength/range 2; project treats it as non-ranged carrier platform. Carrier combat model must be decided before adoption."
"Destroyer","Modern","NAVAL_MELEE","55","","0","6","375","0","0","0","Oil","1","0","GLOBAL_CIV5_FORMULA","ONE_SUPPLY","A_CIV5_BNW_EXACT","Civ5 BNW","LOCKED_MILITARY_V1","Destroyer","70","","0","5","1300","VP_DIRECT_ADOPT","Direct VP class counterpart; combat/range/move values should replace BNW baseline."
"Machine Gun","Modern","RANGED_INFANTRY","60","60","1","2","350","0","0","0","","0","0","GLOBAL_CIV5_FORMULA","ONE_SUPPLY","A_CIV5_BNW_EXACT","Civ5 BNW","LOCKED_MILITARY_V1","Machine Gun","45","58","2","2","TIER_CURVE","VP_DIRECT_ADOPT","Direct VP class counterpart; combat/range/move values should replace BNW baseline."
"Spec Ops","Atomic","RECON","60","65","2","3","375","0","7","0","","0","0","GLOBAL_CIV5_FORMULA","ONE_SUPPLY","C_CIV6_SCALED","Civ6 Spec Ops stats fit project late-game scale; cost compressed","LOCKED_MILITARY_V1","","60","65","2","3","","PROJECT_UNIT_RETAIN","No clean VP generic counterpart or project-specific support/civilian role; retain current values until role-family interpolation."
"Rocket Artillery","Modern","SIEGE","45","60","3","2","425","0","0","0","","0","0","GLOBAL_CIV5_FORMULA","ONE_SUPPLY","A_CIV5_BNW_EXACT","Civ5 BNW","LOCKED_MILITARY_V1","Rocket Artillery","37","75","3","2","TIER_CURVE","VP_DIRECT_ADOPT","Direct VP class counterpart; combat/range/move values should replace BNW baseline."
"Supply Convoy","Modern","SUPPORT_LOGISTICS","","","0","4","300","0","0","0","","0","0","GLOBAL_CIV5_FORMULA","ONE_SUPPLY","C_CIV6_SCALED","Civ6 support role; production compressed to Civ5 curve","LOCKED_MILITARY_V1","","","","0","4","","PROJECT_UNIT_RETAIN","No clean VP generic counterpart or project-specific support/civilian role; retain current values until role-family interpolation."
"Observation Balloon","Modern","SUPPORT_SIEGE","","","0","2","180","0","0","0","","0","0","GLOBAL_CIV5_FORMULA","ONE_SUPPLY","C_CIV6_SCALED","Civ6 support role; production compressed to Civ5 curve","LOCKED_MILITARY_V1","","","","0","2","","PROJECT_UNIT_RETAIN","No clean VP generic counterpart or project-specific support/civilian role; retain current values until role-family interpolation."
"Stealth Bomber","Information","AIR_BOMBER","","85","20","0","425","0","0","0","Aluminum","1","0","GLOBAL_CIV5_FORMULA","ONE_SUPPLY","A_CIV5_BNW_EXACT","Civ5 BNW","LOCKED_MILITARY_V1","Stealth Bomber","0","80","12","0","2200","VP_DIRECT_ADOPT","Direct VP class counterpart; combat/range/move values should replace BNW baseline."
"Jet Fighter","Information","AIR_FIGHTER","","75","10","0","425","2","0","0","Aluminum","1","0","GLOBAL_CIV5_FORMULA","ONE_SUPPLY","A_CIV5_BNW_EXACT","Civ5 BNW","LOCKED_MILITARY_V1","Jet Fighter","0","70","10","0","2100","VP_DIRECT_ADOPT","Direct VP class counterpart; combat/range/move values should replace BNW baseline."
"Mobile SAM","Information","ANTI_AIR","65","","0","3","425","2","0","0","","0","0","GLOBAL_CIV5_FORMULA","ONE_SUPPLY","A_CIV5_BNW_EXACT","Civ5 BNW; interception range stored separately","LOCKED_MILITARY_V1","Mobile SAM","55","","0","3","TIER_CURVE","VP_DIRECT_ADOPT","Direct VP class counterpart; combat/range/move values should replace BNW baseline."
"Modern AT","Information","ANTI_ARMOR","80","","0","2","400","0","0","0","","0","0","GLOBAL_CIV5_FORMULA","ONE_SUPPLY","C_CIV6_SCALED","Late anti-armor stage below Modern Armor/XCOM","LOCKED_MILITARY_V1","","80","","0","2","","PROJECT_UNIT_RETAIN","No clean VP generic counterpart or project-specific support/civilian role; retain current values until role-family interpolation."
"Modern Armor","Information","ARMORED","100","","0","5","425","0","0","0","","0","0","GLOBAL_CIV5_FORMULA","ONE_SUPPLY","A_CIV5_BNW_EXACT","Civ5 BNW","LOCKED_MILITARY_V1","Modern Armor","100","","0","5","2500","VP_DIRECT_ADOPT","Direct VP class counterpart; combat/range/move values should replace BNW baseline."
"Rock Band","Atomic","CIVILIAN_CULTURAL","","","0","4","","0","0","0","","0","0","GLOBAL_CIV5_FORMULA","ONE_SUPPLY","D_SYSTEM_DEFERRED","Faith/system-purchased cultural unit","DEFERRED_SYSTEM_ECONOMY","","","","0","4","","PROJECT_UNIT_RETAIN","No clean VP generic counterpart or project-specific support/civilian role; retain current values until role-family interpolation."
"Helicopter","Atomic","LIGHT_CAVALRY","60","","0","6","425","0","0","0","","0","0","GLOBAL_CIV5_FORMULA","ONE_SUPPLY","A_CIV5_BNW_EXACT","Civ5 Helicopter Gunship anchor","LOCKED_MILITARY_V1","VP role differs","","","","","","ROLE_CONFLICT_REVIEW","VP Helicopter Gunship is ranged skirmisher 70/70 range 1; project uses melee light-cavalry synthesis. Explicit decision required."
"Guided Missile","Information","MISSILE","","60","8","0","150","0","0","0","","0","0","GLOBAL_CIV5_FORMULA","ONE_SUPPLY","A_CIV5_BNW_EXACT","One-use conventional missile","LOCKED_MILITARY_V1","Guided Missile","0","180","12","0","1200","VP_DIRECT_ADOPT","Direct VP class counterpart; combat/range/move values should replace BNW baseline."
"Nuclear Submarine","Atomic","NAVAL_RAIDER","50","85","3","6","425","0","0","2","","0","0","GLOBAL_CIV5_FORMULA","ONE_SUPPLY","A_CIV5_BNW_EXACT","Civ5 BNW","LOCKED_MILITARY_V1","Nuclear Submarine","60","85","1","6","2500","VP_DIRECT_ADOPT","Direct VP class counterpart; combat/range/move values should replace BNW baseline."
"Missile Cruiser","Information","NAVAL_RANGED","80","100","3","7","425","2","0","3","","0","0","GLOBAL_CIV5_FORMULA","ONE_SUPPLY","A_CIV5_BNW_EXACT","Civ5 BNW","LOCKED_MILITARY_V1","Missile Cruiser","75","80","3","6","2500","VP_DIRECT_ADOPT","Direct VP class counterpart; combat/range/move values should replace BNW baseline."
"Drone","Atomic","SUPPORT_RECON","","","0","3","325","0","0","0","","0","0","GLOBAL_CIV5_FORMULA","ONE_SUPPLY","C_CIV6_SCALED","Civ6 support role; production compressed to Civ5 curve","LOCKED_MILITARY_V1","","","","0","3","","PROJECT_UNIT_RETAIN","No clean VP generic counterpart or project-specific support/civilian role; retain current values until role-family interpolation."
"Giant Death Robot","Information","SUPER_HEAVY_ROBOT","150","100","3","5","550","0","0","0","Uranium","1","0","GLOBAL_CIV5_FORMULA","ONE_SUPPLY","B_CIV5_CIV6_HYBRID","Civ5 150 melee plus GS ranged/module identity; higher project cost","LOCKED_MILITARY_V1","Mech/GDR","125","100","3","8","TIER_CURVE","VP_ANALOGUE_ADOPT","Closest VP class analogue; stats can be adopted but project name/timing remains."
"XCOM Squad","Future","AIRBORNE_INFANTRY","100","","0","2","400","0","40","0","","0","0","GLOBAL_CIV5_FORMULA","ONE_SUPPLY","A_CIV5_BNW_EXACT","Civ5 BNW; Future gate changed but stats retained","LOCKED_MILITARY_V1","XCOM Squad","75","","0","3","TIER_CURVE","VP_DIRECT_ADOPT","Direct VP class counterpart; combat/range/move values should replace BNW baseline."
