variant,test_cycle,race_id,state_abbrev,actual,predicted,error
structural,2014,12,AK,-2.27049638,-10.393784421250869,-8.12328804125087
structural,2014,32,AR,-17.7916661,-10.997289131565186,6.794376968434815
structural,2014,23,CO,-2.05840587,7.311759039870612,9.370164909870612
structural,2014,24,DE,13.87148223,18.234417032215042,4.362934802215042
structural,2014,17,GA,-7.83187416,-6.4869504598394645,1.3449237001605354
structural,2014,34,HI,43.15741243,47.893737826048465,4.736325396048464
structural,2014,26,IA,-8.6989644,13.848184191075543,22.54714859107554
structural,2014,27,ID,-30.65672393,-29.698423034886464,0.9583008951135348
structural,2014,4,IL,11.2773088,27.738245030985688,16.460936230985688
structural,2014,15,KY,-15.96057449,-15.678390383348257,0.2821841066517443
structural,2014,31,MA,23.92023801,17.285962506422365,-6.6342755035776335
structural,2014,9,ME,-36.9768401,-1.5425576294498127,35.43428247055019
structural,2014,2,MI,13.84702192,18.500513072553908,4.653491152553908
structural,2014,6,MN,10.66379046,3.853898547390399,-6.809891912609601
structural,2014,18,MS,-22.50161833,-17.930707650010476,4.570910679989524
structural,2014,5,MT,-18.10618056,12.65124048656336,30.75742104656336
structural,2014,14,NC,-1.62832794,1.8623824117939765,3.490710351793976
structural,2014,1,NE,-34.28383256,-20.255418687051534,14.028413872948466
structural,2014,8,NH,3.25508549,5.6676265577228255,2.4125410677228256
structural,2014,10,NJ,13.76275568,13.418596201592184,-0.3441594784078159
structural,2014,3,NM,11.11762036,15.523960684877885,4.406340324877885
structural,2014,29,OK,-40.86688127,-27.780452863975846,13.086428406024154
structural,2014,35,OK,-40.13951002,-39.674124788360814,0.4653852316391891
structural,2014,20,OR,20.37041963,8.363445516934028,-12.006974113065972
structural,2014,33,RI,41.40580796,35.04945168826446,-6.356356271735535
structural,2014,11,SC,-16.64029175,-13.517756201863893,3.1225355481361063
structural,2014,36,SC,-22.55076264,-23.22863715748764,-0.6778745174876413
structural,2014,22,SD,-26.11370225,0.8517268187973368,26.965429068797334
structural,2014,28,TN,-32.00774884,-26.833303339878036,5.174445500121962
structural,2014,19,TX,-28.35091383,-14.812767147986158,13.538146682013842
structural,2014,16,VA,0.83240711,15.149363491350826,14.316956381350826
structural,2014,30,WV,-28.63206901,-2.401036868217389,26.23103214178261
structural,2014,13,WY,-61.07227806,-45.72510383958212,15.347174220417884
structural,2018,96,AZ,2.40295749,-7.207885933962828,-9.610843423962828
structural,2018,98,CT,20.408577,12.860521894268118,-7.548055105731883
structural,2018,99,DE,22.63900799,22.09024764034497,-0.54876034965503
structural,2018,100,FL,-0.12251836,2.330889624594643,2.453407984594643
structural,2018,101,HI,42.30219569,33.17386968603897,-9.128326003961028
structural,2018,102,IN,-6.16290322,-11.721406665070507,-5.5585034450705075
structural,2018,105,MA,25.03887918,19.58557510220443,-5.453304077795568
structural,2018,104,MD,36.30566322,30.117310651600242,-6.188352568399758
structural,2018,103,ME,21.31277978,12.590472824173986,-8.722306955826014
structural,2018,106,MI,6.63713831,7.7768331768202295,1.1396948668202294
structural,2018,107,MN,24.96346661,13.657484385967816,-11.305982224032185
structural,2018,129,MN,11.1406198,5.16868825695544,-5.971931543044559
structural,2018,109,MO,-5.99663325,-7.369823423615596,-1.3731901736155958
structural,2018,108,MS,-19.41285628,-19.498131529594385,-0.08527524959438537
structural,2018,110,MT,3.65691584,-14.262302059344048,-17.919217899344048
structural,2018,116,ND,-10.90541074,-24.871184468336004,-13.965773728336004
structural,2018,111,NE,-19.79502814,-25.547281426082144,-5.752253286082144
structural,2018,113,NJ,11.54441059,15.942234845035312,4.397824255035312
structural,2018,114,NM,27.83688334,6.74015434485081,-21.096728995149192
structural,2018,112,NV,5.24754825,0.11125239799599651,-5.136295852004004
structural,2018,115,NY,33.99933379,32.30941746790512,-1.6899163220948807
structural,2018,117,OH,6.84734254,-3.1501969306664765,-9.997539470666476
structural,2018,118,PA,13.34586897,2.110040821775356,-11.235828148224645
structural,2018,119,RI,23.15947411,22.91040571108966,-0.24906839891034238
structural,2018,120,TN,-10.93720415,-32.81524643544751,-21.878042285447513
structural,2018,121,TX,-2.5874815,-16.19117203441066,-13.60369053441066
structural,2018,122,UT,-33.8789401,-38.51860708043783,-4.6396669804378305
structural,2018,124,VA,16.31990058,3.509703278627182,-12.810197301372817
structural,2018,123,VT,42.10799183,37.86601117165301,-4.241980658346996
structural,2018,125,WA,16.86751985,17.121060609555606,0.2535407595556052
structural,2018,127,WI,10.837125,1.1125492054239505,-9.72457579457605
structural,2018,126,WV,3.45374032,-19.933140088980558,-23.38688040898056
structural,2018,128,WY,-37.97819051,-56.04965732805525,-18.07146681805525
structural,2022,8917,AL,-36.65298426,-28.63257446629375,8.020409793706246
structural,2022,8920,AR,-35.78288014,-28.343624798040256,7.439255341959747
structural,2022,8919,AZ,4.99214759,1.3301605927669733,-3.6619869972330266
structural,2022,9480,CA,21.78714896,19.501449483332745,-2.2856994766672543
structural,2022,8921,CA,22.12901552,19.501449483332745,-2.627566036667254
structural,2022,8922,CO,15.04724639,8.38140941002968,-6.6658369799703205
structural,2022,8923,CT,14.91664993,21.87960800374263,6.962958073742628
structural,2022,8924,FL,-16.58759499,-5.660379887674248,10.927215102325752
structural,2022,8925,GA,0.97741402,-7.419407169953739,-8.396821189953739
structural,2022,8926,HI,46.45313302,39.60593575797141,-6.847197262028594
structural,2022,8930,IA,-12.19684055,-16.34291410581092,-4.14607355581092
structural,2022,8927,ID,-35.72103182,-37.67885327602416,-1.9578214560241562
structural,2022,8928,IL,15.58439786,16.28322419493127,0.6988263349312724
structural,2022,8929,IN,-21.5007215,-16.017441968420066,5.483279531579935
structural,2022,8931,KS,-23.66328613,-24.04173410293923,-0.37844797293923094
structural,2022,8932,KY,-23.61980649,-24.219759249288085,-0.5999527592880867
structural,2022,8935,MD,31.74305594,29.357832324809884,-2.3852236151901174
structural,2022,8936,MO,-13.58010754,-12.780522892031492,0.7995846479685085
structural,2022,8940,NC,-3.29925322,-4.554468517893801,-1.2552152978938005
structural,2022,8941,ND,-38.61430713,-48.43979356867679,-9.82548643867679
structural,2022,8938,NH,9.25227052,2.3956072744432593,-6.8566632455567404
structural,2022,8937,NV,0.80185779,1.669569076067411,0.8677112860674109
structural,2022,8939,NY,14.07506933,30.60936282625716,16.534293496257163
structural,2022,8942,OH,-6.11445485,-14.545519293389777,-8.431064443389776
structural,2022,9482,OK,-27.35172468,-33.39403333446351,-6.042308654463508
structural,2022,8943,OK,-33.40665086,-41.226168627898915,-7.819517767898915
structural,2022,8944,OR,15.4085284,18.582159007809615,3.1736306078096153
structural,2022,8945,PA,5.03509554,-1.147247979271781,-6.1823435192717815
structural,2022,8946,SC,-25.89648678,-18.334154531007005,7.562332248992995
structural,2022,8947,SD,-45.39410722,-35.67836121794052,9.715746002059483
structural,2022,8949,VT,41.90937869,32.390658468263126,-9.51872022173687
structural,2022,8950,WA,14.55058598,18.059395392051314,3.508809412051315
structural,2022,8951,WI,-1.00912053,-2.1457481313807594,-1.1366276013807595
structural_econ,2014,12,AK,-2.27049638,-9.77547585449931,-7.504979474499311
structural_econ,2014,32,AR,-17.7916661,-10.778046185113073,7.013619914886927
structural_econ,2014,23,CO,-2.05840587,10.405127679474276,12.463533549474276
structural_econ,2014,24,DE,13.87148223,17.802506609602187,3.931024379602187
structural_econ,2014,17,GA,-7.83187416,-5.440834414893328,2.3910397451066716
structural_econ,2014,34,HI,43.15741243,46.769468988526036,3.612056558526035
structural_econ,2014,26,IA,-8.6989644,11.512245273300453,20.211209673300452
structural_econ,2014,27,ID,-30.65672393,-28.087782672682863,2.5689412573171353
structural_econ,2014,4,IL,11.2773088,26.614266940606225,15.336958140606225
structural_econ,2014,15,KY,-15.96057449,-15.927680865090677,0.032893624909323904
structural_econ,2014,31,MA,23.92023801,16.173039328544252,-7.747198681455746
structural_econ,2014,9,ME,-36.9768401,-3.7175083272643294,33.25933177273567
structural_econ,2014,2,MI,13.84702192,17.400366444253496,3.5533445242534967
structural_econ,2014,6,MN,10.66379046,3.136644294700069,-7.52714616529993
structural_econ,2014,18,MS,-22.50161833,-19.613612506743312,2.8880058232566874
structural_econ,2014,5,MT,-18.10618056,12.428505514788888,30.534686074788887
structural_econ,2014,14,NC,-1.62832794,1.5550693754379936,3.1833973154379933
structural_econ,2014,1,NE,-34.28383256,-20.613107074836552,13.670725485163448
structural_econ,2014,8,NH,3.25508549,4.436538651285027,1.1814531612850274
structural_econ,2014,10,NJ,13.76275568,12.538924985850382,-1.2238306941496173
structural_econ,2014,3,NM,11.11762036,15.108139146517434,3.990518786517434
structural_econ,2014,29,OK,-40.86688127,-25.209169810434474,15.657711459565526
structural_econ,2014,35,OK,-40.13951002,-37.009977063326204,3.129532956673799
structural_econ,2014,20,OR,20.37041963,8.892514244066524,-11.477905385933477
structural_econ,2014,33,RI,41.40580796,33.5589170314685,-7.846890928531494
structural_econ,2014,11,SC,-16.64029175,-12.571584276237996,4.068707473762004
structural_econ,2014,36,SC,-22.55076264,-22.206643586907425,0.34411905309257307
structural_econ,2014,22,SD,-26.11370225,0.016557087083661316,26.13025933708366
structural_econ,2014,28,TN,-32.00774884,-27.227379132966608,4.78036970703339
structural_econ,2014,19,TX,-28.35091383,-12.070809086090529,16.28010474390947
structural_econ,2014,16,VA,0.83240711,13.783966177234127,12.951559067234127
structural_econ,2014,30,WV,-28.63206901,-4.021108040580098,24.6109609694199
structural_econ,2014,13,WY,-61.07227806,-43.876556797486856,17.195721262513146
structural_econ,2018,96,AZ,2.40295749,-8.38739879931688,-10.79035628931688
structural_econ,2018,98,CT,20.408577,13.428290566214017,-6.9802864337859845
structural_econ,2018,99,DE,22.63900799,21.31968756632049,-1.3193204236795104
structural_econ,2018,100,FL,-0.12251836,0.1913463819262972,0.3138647419262972
structural_econ,2018,101,HI,42.30219569,35.97282813845379,-6.329367551546206
structural_econ,2018,102,IN,-6.16290322,-11.485469136736116,-5.322565916736116
structural_econ,2018,105,MA,25.03887918,18.474210116617822,-6.564669063382176
structural_econ,2018,104,MD,36.30566322,31.580590262128034,-4.725072957871966
structural_econ,2018,103,ME,21.31277978,13.273873203987726,-8.038906576012273
structural_econ,2018,106,MI,6.63713831,8.820177440066884,2.1830391300668834
structural_econ,2018,107,MN,24.96346661,15.024145995879412,-9.93932061412059
structural_econ,2018,129,MN,11.1406198,6.574442676948159,-4.56617712305184
structural_econ,2018,109,MO,-5.99663325,-5.337258082341718,0.6593751676582826
structural_econ,2018,108,MS,-19.41285628,-15.507414173873096,3.9054421061269036
structural_econ,2018,110,MT,3.65691584,-13.592605076013122,-17.24952091601312
structural_econ,2018,116,ND,-10.90541074,-23.839137354282247,-12.933726614282246
structural_econ,2018,111,NE,-19.79502814,-24.124751829379328,-4.329723689379328
structural_econ,2018,113,NJ,11.54441059,16.233605588424503,4.689194998424503
structural_econ,2018,114,NM,27.83688334,8.172087561134573,-19.664795778865425
structural_econ,2018,112,NV,5.24754825,-2.0682739242913684,-7.315822174291369
structural_econ,2018,115,NY,33.99933379,32.95971386989614,-1.0396199201038598
structural_econ,2018,117,OH,6.84734254,-1.2625569960223881,-8.109899536022388
structural_econ,2018,118,PA,13.34586897,2.1182400037878275,-11.227628966212173
structural_econ,2018,119,RI,23.15947411,22.601168357301827,-0.5583057526981747
structural_econ,2018,120,TN,-10.93720415,-32.25739362042904,-21.320189470429042
structural_econ,2018,121,TX,-2.5874815,-18.363384264767113,-15.775902764767114
structural_econ,2018,122,UT,-33.8789401,-40.755593295015515,-6.876653195015514
structural_econ,2018,124,VA,16.31990058,5.199944068811966,-11.119956511188033
structural_econ,2018,123,VT,42.10799183,39.56826663888853,-2.539725191111472
structural_econ,2018,125,WA,16.86751985,14.931119327097294,-1.9364005229027068
structural_econ,2018,127,WI,10.837125,0.7682958106648519,-10.068829189335148
structural_econ,2018,126,WV,3.45374032,-17.27009975422558,-20.72384007422558
structural_econ,2018,128,WY,-37.97819051,-54.66006376638002,-16.681873256380022
structural_econ,2022,8917,AL,-36.65298426,-31.01291843009063,5.640065829909368
structural_econ,2022,8920,AR,-35.78288014,-29.993402401250798,5.789477738749206
structural_econ,2022,8919,AZ,4.99214759,3.1277565386512056,-1.8643910513487945
structural_econ,2022,9480,CA,21.78714896,17.009549563337167,-4.777599396662833
structural_econ,2022,8921,CA,22.12901552,17.009549563337167,-5.119465956662832
structural_econ,2022,8922,CO,15.04724639,16.019930657836685,0.9726842678366854
structural_econ,2022,8923,CT,14.91664993,25.51201331867313,10.59536338867313
structural_econ,2022,8924,FL,-16.58759499,-2.4913563328268142,14.096238657173185
structural_econ,2022,8925,GA,0.97741402,-8.844940292689888,-9.822354312689887
structural_econ,2022,8926,HI,46.45313302,36.43189924026784,-10.021233779732164
structural_econ,2022,8930,IA,-12.19684055,-14.105603001948376,-1.9087624519483768
structural_econ,2022,8927,ID,-35.72103182,-35.16597306923401,0.555058750765987
structural_econ,2022,8928,IL,15.58439786,13.645523378716288,-1.9388744812837118
structural_econ,2022,8929,IN,-21.5007215,-16.181382959138173,5.319338540861828
structural_econ,2022,8931,KS,-23.66328613,-20.165149416672502,3.498136713327497
structural_econ,2022,8932,KY,-23.61980649,-26.775255144936004,-3.1554486549360057
structural_econ,2022,8935,MD,31.74305594,27.207238339430724,-4.535817600569278
structural_econ,2022,8936,MO,-13.58010754,-14.092767628333501,-0.5126600883335009
structural_econ,2022,8940,NC,-3.29925322,-1.9543780726162607,1.3448751473837395
structural_econ,2022,8941,ND,-38.61430713,-40.4140993200017,-1.7997921900016962
structural_econ,2022,8938,NH,9.25227052,5.02876912669647,-4.22350139330353
structural_econ,2022,8937,NV,0.80185779,2.438695552026016,1.636837762026016
structural_econ,2022,8939,NY,14.07506933,27.389215768123716,13.314146438123716
structural_econ,2022,8942,OH,-6.11445485,-18.28476053427434,-12.17030568427434
structural_econ,2022,9482,OK,-27.35172468,-29.211726495560946,-1.8600018155609455
structural_econ,2022,8943,OK,-33.40665086,-36.99428010924074,-3.5876292492407416
structural_econ,2022,8944,OR,15.4085284,16.789782813066566,1.381254413066566
structural_econ,2022,8945,PA,5.03509554,-3.8618590284310623,-8.896954568431063
structural_econ,2022,8946,SC,-25.89648678,-19.130998087771182,6.765488692228818
structural_econ,2022,8947,SD,-45.39410722,-28.283760637430667,17.110346582569335
structural_econ,2022,8949,VT,41.90937869,30.959557317830082,-10.949821372169914
structural_econ,2022,8950,WA,14.55058598,19.893500984670776,5.342915004670777
structural_econ,2022,8951,WI,-1.00912053,-3.0681023734779447,-2.0589818434779446
structural_national,2014,12,AK,-2.27049638,-17.63003864710494,-15.359542267104938
structural_national,2014,32,AR,-17.7916661,-17.584823752809854,0.20684234719014682
structural_national,2014,23,CO,-2.05840587,-1.007696066692473,1.050709803307527
structural_national,2014,24,DE,13.87148223,9.29034682525389,-4.58113540474611
structural_national,2014,17,GA,-7.83187416,-14.542122309347103,-6.710248149347104
structural_national,2014,34,HI,43.15741243,39.13206301872113,-4.025349411278874
structural_national,2014,26,IA,-8.6989644,6.127998210781132,14.82696261078113
structural_national,2014,27,ID,-30.65672393,-37.25112111819663,-6.594397188196631
structural_national,2014,4,IL,11.2773088,19.88204191807985,8.60473311807985
structural_national,2014,15,KY,-15.96057449,-22.989029182880998,-7.028454692880997
structural_national,2014,31,MA,23.92023801,7.825041815545604,-16.095196194454395
structural_national,2014,9,ME,-36.9768401,-11.916169389223361,25.060670710776634
structural_national,2014,2,MI,13.84702192,10.671311307881014,-3.1757106121189853
structural_national,2014,6,MN,10.66379046,-5.0594481482341855,-15.723238608234185
structural_national,2014,18,MS,-22.50161833,-26.519865685526142,-4.018247355526142
structural_national,2014,5,MT,-18.10618056,6.900191211499853,25.00637177149985
structural_national,2014,14,NC,-1.62832794,-6.046735172917789,-4.418407232917789
structural_national,2014,1,NE,-34.28383256,-28.14237649357923,6.141456066420769
structural_national,2014,8,NH,3.25508549,-2.8561685364826923,-6.111254026482692
structural_national,2014,10,NJ,13.76275568,4.449389264624448,-9.313366415375551
structural_national,2014,3,NM,11.11762036,7.371899573666956,-3.7457207863330444
structural_national,2014,29,OK,-40.86688127,-34.87564744507332,5.991233824926681
structural_national,2014,35,OK,-40.13951002,-47.96484644216972,-7.82533642216972
structural_national,2014,20,OR,20.37041963,-0.7252234176586122,-21.095643047658612
structural_national,2014,33,RI,41.40580796,26.93481232984336,-14.470995630156636
structural_national,2014,11,SC,-16.64029175,-21.90952216947204,-5.269230419472041
structural_national,2014,36,SC,-22.55076264,-32.59652060640309,-10.045757966403091
structural_national,2014,22,SD,-26.11370225,-5.484872260981541,20.62882998901846
structural_national,2014,28,TN,-32.00774884,-35.50518213734068,-3.4974332973406845
structural_national,2014,19,TX,-28.35091383,-22.78886866581622,5.562045164183779
structural_national,2014,16,VA,0.83240711,7.852258807981166,7.019851697981166
structural_national,2014,30,WV,-28.63206901,-8.157226775476476,20.47484223452352
structural_national,2014,13,WY,-61.07227806,-53.84361214157441,7.228665918425591
structural_national,2018,96,AZ,2.40295749,6.61724874041192,4.21429125041192
structural_national,2018,98,CT,20.408577,25.265137798877653,4.856560798877652
structural_national,2018,99,DE,22.63900799,36.203901166208546,13.564893176208546
structural_national,2018,100,FL,-0.12251836,16.563621734760257,16.68614009476026
structural_national,2018,101,HI,42.30219569,43.88847372111466,1.5862780311146594
structural_national,2018,102,IN,-6.16290322,3.900965095994003,10.063868315994004
structural_national,2018,105,MA,25.03887918,30.404037525046412,5.365158345046414
structural_national,2018,104,MD,36.30566322,42.57669759614751,6.271034376147512
structural_national,2018,103,ME,21.31277978,26.722884477612727,5.410104697612727
structural_national,2018,106,MI,6.63713831,22.094457531626965,15.457319221626964
structural_national,2018,107,MN,24.96346661,28.755981850814553,3.792515240814552
structural_national,2018,129,MN,11.1406198,20.89134572604818,9.75072592604818
structural_national,2018,109,MO,-5.99663325,8.795778312735159,14.79241156273516
structural_national,2018,108,MS,-19.41285628,-5.329946265308363,14.082910014691636
structural_national,2018,110,MT,3.65691584,1.5155032382011804,-2.1414126017988195
structural_national,2018,116,ND,-10.90541074,-7.764804255209269,3.140606484790732
structural_national,2018,111,NE,-19.79502814,-10.250153868175792,9.544874271824208
structural_national,2018,113,NJ,11.54441059,28.769270357273697,17.2248597672737
structural_national,2018,114,NM,27.83688334,19.412075727181204,-8.424807612818796
structural_national,2018,112,NV,5.24754825,12.994132350097985,7.7465841000979845
structural_national,2018,115,NY,33.99933379,45.64183780310148,11.64250401310148
structural_national,2018,117,OH,6.84734254,11.131826414922104,4.284483874922104
structural_national,2018,118,PA,13.34586897,15.90258184892278,2.556712878922781
structural_national,2018,119,RI,23.15947411,35.80312435471927,12.643650244719272
structural_national,2018,120,TN,-10.93720415,-18.76589716901954,-7.828693019019539
structural_national,2018,121,TX,-2.5874815,-2.468401298056081,0.11908020194391877
structural_national,2018,122,UT,-33.8789401,-23.66700341658224,10.211936683417761
structural_national,2018,124,VA,16.31990058,16.69044912152194,0.3705485415219414
structural_national,2018,123,VT,42.10799183,50.49675593336695,8.388764103366945
structural_national,2018,125,WA,16.86751985,29.88445074922296,13.01693089922296
structural_national,2018,127,WI,10.837125,14.64942580598372,3.8123008059837193
structural_national,2018,126,WV,3.45374032,-0.8273463019825034,-4.281086621982503
structural_national,2018,128,WY,-37.97819051,-40.55790399107035,-2.5797134810703497
structural_national,2022,8917,AL,-36.65298426,-30.008033878624914,6.644950381375082
structural_national,2022,8920,AR,-35.78288014,-29.578465154551104,6.204414985448899
structural_national,2022,8919,AZ,4.99214759,2.746217861847351,-2.245929728152649
structural_national,2022,9480,CA,21.78714896,10.481105874272552,-11.306043085727447
structural_national,2022,8921,CA,22.12901552,10.481105874272552,-11.647909645727447
structural_national,2022,8922,CO,15.04724639,5.6564833848103255,-9.390763005189674
structural_national,2022,8923,CT,14.91664993,19.15864669076899,4.2419967607689895
structural_national,2022,8924,FL,-16.58759499,-7.920209114873027,8.667385875126971
structural_national,2022,8925,GA,0.97741402,-9.835095310274061,-10.812509330274061
structural_national,2022,8926,HI,46.45313302,36.608881885245104,-9.844251134754899
structural_national,2022,8930,IA,-12.19684055,-18.56880151518157,-6.37196096518157
structural_national,2022,8927,ID,-35.72103182,-38.92909369162562,-3.208061871625617
structural_national,2022,8928,IL,15.58439786,13.391860862866219,-2.1925369971337805
structural_national,2022,8929,IN,-21.5007215,-17.56483280494199,3.9358886950580114
structural_national,2022,8931,KS,-23.66328613,-25.94470981732474,-2.2814236873247395
structural_national,2022,8932,KY,-23.61980649,-25.31674493274015,-1.6969384427401515
structural_national,2022,8935,MD,31.74305594,25.90269021772505,-5.840365722274953
structural_national,2022,8936,MO,-13.58010754,-14.245014493422222,-0.6649069534222214
structural_national,2022,8940,NC,-3.29925322,-6.806910853859471,-3.507657633859471
structural_national,2022,8941,ND,-38.61430713,-49.92520337292522,-11.310896242925217
structural_national,2022,8938,NH,9.25227052,-0.12690576686369462,-9.379176286863695
structural_national,2022,8937,NV,0.80185779,-0.6800573246486408,-1.4819151146486407
structural_national,2022,8939,NY,14.07506933,27.86270319616029,13.78763386616029
structural_national,2022,8942,OH,-6.11445485,-16.747609252802746,-10.633154402802745
structural_national,2022,9482,OK,-27.35172468,-30.79680388986635,-3.44507920986635
structural_national,2022,8943,OK,-33.40665086,-42.46519462055051,-9.058543760550513
structural_national,2022,8944,OR,15.4085284,15.966748618561503,0.5582202185615035
structural_national,2022,8945,PA,5.03509554,-3.465151335069771,-8.500246875069772
structural_national,2022,8946,SC,-25.89648678,-20.343837062257148,5.552649717742852
structural_national,2022,8947,SD,-45.39410722,-37.21297923746226,8.181127982537745
structural_national,2022,8949,VT,41.90937869,28.872847769594156,-13.036530920405841
structural_national,2022,8950,WA,14.55058598,15.124145607261273,0.5735596272612735
structural_national,2022,8951,WI,-1.00912053,-4.4759342087569625,-3.466813678756963
structural_econ_national,2014,12,AK,-2.27049638,-18.042238675084214,-15.771742295084213
structural_econ_national,2014,32,AR,-17.7916661,-17.79352369955069,-0.001857599550689315
structural_econ_national,2014,23,CO,-2.05840587,-2.636303870454207,-0.5778980004542071
structural_econ_national,2014,24,DE,13.87148223,9.360587733444438,-4.5108944965555615
structural_econ_national,2014,17,GA,-7.83187416,-15.17439850782978,-7.34252434782978
structural_econ_national,2014,34,HI,43.15741243,39.540698880267385,-3.6167135497326157
structural_econ_national,2014,26,IA,-8.6989644,7.1400786279937245,15.839043027993725
structural_econ_national,2014,27,ID,-30.65672393,-38.14918582236899,-7.492461892368993
structural_econ_national,2014,4,IL,11.2773088,20.30461802294562,9.027309222945618
structural_econ_national,2014,15,KY,-15.96057449,-22.981895273498395,-7.021320783498394
structural_econ_national,2014,31,MA,23.92023801,8.217304621180297,-15.702933388819702
structural_econ_national,2014,9,ME,-36.9768401,-11.023376793451273,25.953463306548723
structural_econ_national,2014,2,MI,13.84702192,11.082757148863447,-2.7642647711365527
structural_econ_national,2014,6,MN,10.66379046,-4.850434449360624,-15.514224909360625
structural_econ_national,2014,18,MS,-22.50161833,-25.83779818184203,-3.3361798518420294
structural_econ_national,2014,5,MT,-18.10618056,6.918707795428492,25.02488835542849
structural_econ_national,2014,14,NC,-1.62832794,-6.0207869468172905,-4.39245900681729
structural_econ_national,2014,1,NE,-34.28383256,-28.091668736765254,6.192163823234747
structural_econ_national,2014,8,NH,3.25508549,-2.3920622499724464,-5.647147739972446
structural_econ_national,2014,10,NJ,13.76275568,4.736250746387034,-9.026504933612966
structural_econ_national,2014,3,NM,11.11762036,7.446659548382609,-3.670960811617391
structural_econ_national,2014,29,OK,-40.86688127,-36.232182775956986,4.634698494043015
structural_econ_national,2014,35,OK,-40.13951002,-49.38498136747107,-9.245471347471067
structural_econ_national,2014,20,OR,20.37041963,-1.1229792282281625,-21.49339885822816
structural_econ_national,2014,33,RI,41.40580796,27.5310248712586,-13.874783088741395
structural_econ_national,2014,11,SC,-16.64029175,-22.498593788420777,-5.858302038420778
structural_econ_national,2014,36,SC,-22.55076264,-33.237519720099726,-10.686757080099728
structural_econ_national,2014,22,SD,-26.11370225,-5.178638798822643,20.935063451177356
structural_econ_national,2014,28,TN,-32.00774884,-35.44904510879752,-3.4412962687975224
structural_econ_national,2014,19,TX,-28.35091383,-24.24182229688784,4.10909153311216
structural_econ_national,2014,16,VA,0.83240711,8.400535692725946,7.5681285827259455
structural_econ_national,2014,30,WV,-28.63206901,-7.461556957547678,21.17051205245232
structural_econ_national,2014,13,WY,-61.07227806,-54.86577961017368,6.20649844982632
structural_econ_national,2018,96,AZ,2.40295749,6.405801264994656,4.0028437749946555
structural_econ_national,2018,98,CT,20.408577,25.272700126194376,4.864123126194375
structural_econ_national,2018,99,DE,22.63900799,36.040643276073126,13.401635286073127
structural_econ_national,2018,100,FL,-0.12251836,16.233684406313415,16.356202766313416
structural_econ_national,2018,101,HI,42.30219569,44.1750878570626,1.8728921670626022
structural_econ_national,2018,102,IN,-6.16290322,3.8523614235818116,10.015264643581812
structural_econ_national,2018,105,MA,25.03887918,30.215721406427576,5.176842226427578
structural_econ_national,2018,104,MD,36.30566322,42.6926363066399,6.386973086639898
structural_econ_national,2018,103,ME,21.31277978,26.735934435758303,5.423154655758303
structural_econ_national,2018,106,MI,6.63713831,22.150261798902516,15.513123488902515
structural_econ_national,2018,107,MN,24.96346661,28.847152117563255,3.8836855075632535
structural_econ_national,2018,129,MN,11.1406198,20.98417338510282,9.843553585102821
structural_econ_national,2018,109,MO,-5.99663325,8.962463622636463,14.959096872636463
structural_econ_national,2018,108,MS,-19.41285628,-4.915815590333258,14.497040689666742
structural_econ_national,2018,110,MT,3.65691584,1.5187567017251116,-2.1381591382748883
structural_econ_national,2018,116,ND,-10.90541074,-7.724156714308137,3.1812540256918638
structural_econ_national,2018,111,NE,-19.79502814,-10.153187383363516,9.641840756636483
structural_econ_national,2018,113,NJ,11.54441059,28.74121071370945,17.19680012370945
structural_econ_national,2018,114,NM,27.83688334,19.523160705759537,-8.313722634240463
structural_econ_national,2018,112,NV,5.24754825,12.666017049764653,7.418468799764653
structural_econ_national,2018,115,NY,33.99933379,45.654826174615664,11.655492384615663
structural_econ_national,2018,117,OH,6.84734254,11.290240165224082,4.442897625224083
structural_econ_national,2018,118,PA,13.34586897,15.835393704348526,2.4895247343485263
structural_econ_national,2018,119,RI,23.15947411,35.70187171652705,12.54239760652705
structural_econ_national,2018,120,TN,-10.93720415,-18.767668552064862,-7.830464402064862
structural_econ_national,2018,121,TX,-2.5874815,-2.7997811903430385,-0.21229969034303853
structural_econ_national,2018,122,UT,-33.8789401,-24.01182230300171,9.86711779699829
structural_econ_national,2018,124,VA,16.31990058,16.830357703556764,0.5104571235567654
structural_econ_national,2018,123,VT,42.10799183,50.64084109589137,8.532849265891365
structural_econ_national,2018,125,WA,16.86751985,29.555662555612294,12.688142705612293
structural_econ_national,2018,127,WI,10.837125,14.540740504445838,3.703615504445837
structural_econ_national,2018,126,WV,3.45374032,-0.5987038503829556,-4.052444170382955
structural_econ_national,2018,128,WY,-37.97819051,-40.46589556928154,-2.487705059281545
structural_econ_national,2022,8917,AL,-36.65298426,-30.522809727906036,6.13017453209396
structural_econ_national,2022,8920,AR,-35.78288014,-29.931840332325358,5.8510398076746455
structural_econ_national,2022,8919,AZ,4.99214759,3.1304008490176862,-1.8617467409823139
structural_econ_national,2022,9480,CA,21.78714896,10.03395585488893,-11.75319310511107
structural_econ_national,2022,8921,CA,22.12901552,10.03395585488893,-12.09505966511107
structural_econ_national,2022,8922,CO,15.04724639,7.3948040053281385,-7.652442384671861
structural_econ_national,2022,8923,CT,14.91664993,20.002533431827064,5.085883501827064
structural_econ_national,2022,8924,FL,-16.58759499,-7.1853561214880415,9.402238868511958
structural_econ_national,2022,8925,GA,0.97741402,-10.124114150425065,-11.101528170425064
structural_econ_national,2022,8926,HI,46.45313302,35.93653737803078,-10.516595641969225
structural_econ_national,2022,8930,IA,-12.19684055,-18.042368917561614,-5.845528367561615
structural_econ_national,2022,8927,ID,-35.72103182,-38.352947804603,-2.6319159846029976
structural_econ_national,2022,8928,IL,15.58439786,12.837976801862853,-2.7464210581371464
structural_econ_national,2022,8929,IN,-21.5007215,-17.582704339571013,3.918017160428988
structural_econ_national,2022,8931,KS,-23.66328613,-25.0562094213215,-1.3929232913215017
structural_econ_national,2022,8932,KY,-23.61980649,-25.873994905744148,-2.2541884157441494
structural_econ_national,2022,8935,MD,31.74305594,25.464379051070743,-6.278676888929258
structural_econ_national,2022,8936,MO,-13.58010754,-14.520254104347101,-0.940146564347101
structural_econ_national,2022,8940,NC,-3.29925322,-6.199164498513825,-2.8999112785138244
structural_econ_national,2022,8941,ND,-38.61430713,-48.115447111359764,-9.501139981359763
structural_econ_national,2022,8938,NH,9.25227052,0.4914928000793588,-8.760777719920641
structural_econ_national,2022,8937,NV,0.80185779,-0.47990676402323107,-1.2817645540232312
structural_econ_national,2022,8939,NY,14.07506933,27.17703358175101,13.101964251751012
structural_econ_national,2022,8942,OH,-6.11445485,-17.555760600696374,-11.441305750696372
structural_econ_national,2022,9482,OK,-27.35172468,-29.89451852264451,-2.5427938426445102
structural_econ_national,2022,8943,OK,-33.40665086,-41.505407063062584,-8.098756203062585
structural_econ_national,2022,8944,OR,15.4085284,15.598247559623388,0.18971915962338848
structural_econ_national,2022,8945,PA,5.03509554,-4.04314697809735,-9.078242518097351
structural_econ_national,2022,8946,SC,-25.89648678,-20.497411902046714,5.399074877953286
structural_econ_national,2022,8947,SD,-45.39410722,-35.543522267554,9.850584952445999
structural_econ_national,2022,8949,VT,41.90937869,28.595925582752344,-13.313453107247653
structural_econ_national,2022,8950,WA,14.55058598,15.569146408797957,1.018560428797958
structural_econ_national,2022,8951,WI,-1.00912053,-4.653650677732379,-3.6445301477323797
structural_econ_national_ridge1,2014,12,AK,-2.27049638,-17.90330728409172,-15.63281090409172
structural_econ_national_ridge1,2014,32,AR,-17.7916661,-17.675603288971203,0.11606281102879734
structural_econ_national_ridge1,2014,23,CO,-2.05840587,-2.4171292957037096,-0.3587234257037095
structural_econ_national_ridge1,2014,24,DE,13.87148223,9.502456751837027,-4.369025478162973
structural_econ_national_ridge1,2014,17,GA,-7.83187416,-15.010816023597991,-7.178941863597991
structural_econ_national_ridge1,2014,34,HI,43.15741243,39.66217969478103,-3.49523273521897
structural_econ_national_ridge1,2014,26,IA,-8.6989644,7.213557353205369,15.912521753205368
structural_econ_national_ridge1,2014,27,ID,-30.65672393,-37.98009366800824,-7.323369738008239
structural_econ_national_ridge1,2014,4,IL,11.2773088,20.410658116248186,9.133349316248186
structural_econ_national_ridge1,2014,15,KY,-15.96057449,-22.863341996793878,-6.902767506793877
structural_econ_national_ridge1,2014,31,MA,23.92023801,8.350993744670705,-15.569244265329294
structural_econ_national_ridge1,2014,9,ME,-36.9768401,-10.90059421332351,26.07624588667649
structural_econ_national_ridge1,2014,2,MI,13.84702192,11.188931024442674,-2.6580908955573257
structural_econ_national_ridge1,2014,6,MN,10.66379046,-4.716203434879853,-15.379993894879853
structural_econ_national_ridge1,2014,18,MS,-22.50161833,-25.733194385603447,-3.2315760556034476
structural_econ_national_ridge1,2014,5,MT,-18.10618056,7.011305572557397,25.117486132557396
structural_econ_national_ridge1,2014,14,NC,-1.62832794,-5.893466945064079,-4.2651390050640785
structural_econ_national_ridge1,2014,1,NE,-34.28383256,-27.96598387113349,6.317848688866512
structural_econ_national_ridge1,2014,8,NH,3.25508549,-2.2773006386459373,-5.532386128645937
structural_econ_national_ridge1,2014,10,NJ,13.76275568,4.867367532413196,-8.895388147586804
structural_econ_national_ridge1,2014,3,NM,11.11762036,7.575418536723136,-3.542201823276864
structural_econ_national_ridge1,2014,29,OK,-40.86688127,-36.04692978667141,4.8199514833285875
structural_econ_national_ridge1,2014,35,OK,-40.13951002,-49.177012832101695,-9.037502812101692
structural_econ_national_ridge1,2014,20,OR,20.37041963,-0.9546586328776652,-21.325078262877668
structural_econ_national_ridge1,2014,33,RI,41.40580796,27.632329754529906,-13.773478205470091
structural_econ_national_ridge1,2014,11,SC,-16.64029175,-22.331760256377375,-5.691468506377376
structural_econ_national_ridge1,2014,36,SC,-22.55076264,-33.0521406312302,-10.501377991230203
structural_econ_national_ridge1,2014,22,SD,-26.11370225,-5.091328226767737,21.022374023232263
structural_econ_national_ridge1,2014,28,TN,-32.00774884,-35.31087161633278,-3.303122776332785
structural_econ_national_ridge1,2014,19,TX,-28.35091383,-24.0372759911739,4.3136378388261
structural_econ_national_ridge1,2014,16,VA,0.83240711,8.491009739430403,7.658602629430403
structural_econ_national_ridge1,2014,30,WV,-28.63206901,-7.403736700205495,21.228332309794503
structural_econ_national_ridge1,2014,13,WY,-61.07227806,-54.68109449891209,6.391183561087914
structural_econ_national_ridge1,2018,96,AZ,2.40295749,6.240502105182236,3.8375446151822357
structural_econ_national_ridge1,2018,98,CT,20.408577,25.140350739974544,4.7317737399745425
structural_econ_national_ridge1,2018,99,DE,22.63900799,35.876151374396734,13.237143384396735
structural_econ_national_ridge1,2018,100,FL,-0.12251836,16.054427383807823,16.176945743807824
structural_econ_national_ridge1,2018,101,HI,42.30219569,44.08343583896274,1.7812401489627447
structural_econ_national_ridge1,2018,102,IN,-6.16290322,3.6809765647315498,9.843879784731548
structural_econ_national_ridge1,2018,105,MA,25.03887918,30.08452180507723,5.045642625077232
structural_econ_national_ridge1,2018,104,MD,36.30566322,42.56847034748506,6.262807127485061
structural_econ_national_ridge1,2018,103,ME,21.31277978,26.585509416068117,5.272729636068117
structural_econ_national_ridge1,2018,106,MI,6.63713831,22.001311488275682,15.364173178275681
structural_econ_national_ridge1,2018,107,MN,24.96346661,28.692693901081178,3.729227291081177
structural_econ_national_ridge1,2018,129,MN,11.1406198,20.823159110380274,9.682539310380275
structural_econ_national_ridge1,2018,109,MO,-5.99663325,8.802678588086255,14.799311838086256
structural_econ_national_ridge1,2018,108,MS,-19.41285628,-5.034166071589377,14.378690208410623
structural_econ_national_ridge1,2018,110,MT,3.65691584,1.349902404167974,-2.307013435832026
structural_econ_national_ridge1,2018,116,ND,-10.90541074,-7.90422544511693,3.0011852948830704
structural_econ_national_ridge1,2018,111,NE,-19.79502814,-10.309305589982179,9.48572255001782
structural_econ_national_ridge1,2018,113,NJ,11.54441059,28.601450782829936,17.057040192829938
structural_econ_national_ridge1,2018,114,NM,27.83688334,19.39632385872045,-8.44055948127955
structural_econ_national_ridge1,2018,112,NV,5.24754825,12.501376139896951,7.253827889896951
structural_econ_national_ridge1,2018,115,NY,33.99933379,45.5129710392446,11.513637249244596
structural_econ_national_ridge1,2018,117,OH,6.84734254,11.149975258711024,4.302632718711024
structural_econ_national_ridge1,2018,118,PA,13.34586897,15.68211828240716,2.33624931240716
structural_econ_national_ridge1,2018,119,RI,23.15947411,35.55548450829509,12.396010398295086
structural_econ_national_ridge1,2018,120,TN,-10.93720415,-18.918402687357233,-7.981198537357233
structural_econ_national_ridge1,2018,121,TX,-2.5874815,-2.973688830385221,-0.38620733038522115
structural_econ_national_ridge1,2018,122,UT,-33.8789401,-24.198917134751376,9.680022965248625
structural_econ_national_ridge1,2018,124,VA,16.31990058,16.700399506970747,0.3804989269707484
structural_econ_national_ridge1,2018,123,VT,42.10799183,50.51711619210138,8.40912436210138
structural_econ_national_ridge1,2018,125,WA,16.86751985,29.392247966625156,12.524728116625155
structural_econ_national_ridge1,2018,127,WI,10.837125,14.386847261161906,3.5497222611619055
structural_econ_national_ridge1,2018,126,WV,3.45374032,-0.7849899631797115,-4.238730283179711
structural_econ_national_ridge1,2018,128,WY,-37.97819051,-40.62450114934646,-2.64631063934646
structural_econ_national_ridge1,2022,8917,AL,-36.65298426,-30.5268261287318,6.126158131268198
structural_econ_national_ridge1,2022,8920,AR,-35.78288014,-29.932344828457246,5.850535311542757
structural_econ_national_ridge1,2022,8919,AZ,4.99214759,3.1303791791099833,-1.8617684108900168
structural_econ_national_ridge1,2022,9480,CA,21.78714896,10.09112027618185,-11.696028683818149
structural_econ_national_ridge1,2022,8921,CA,22.12901552,10.09112027618185,-12.037895243818149
structural_econ_national_ridge1,2022,8922,CO,15.04724639,7.465486214510086,-7.581760175489913
structural_econ_national_ridge1,2022,8923,CT,14.91664993,20.04768316997409,5.131033239974089
structural_econ_national_ridge1,2022,8924,FL,-16.58759499,-7.146889176209532,9.440705813790467
structural_econ_national_ridge1,2022,8925,GA,0.97741402,-10.11363142503038,-11.09104544503038
structural_econ_national_ridge1,2022,8926,HI,46.45313302,35.940596828074554,-10.512536191925449
structural_econ_national_ridge1,2022,8930,IA,-12.19684055,-18.01010744208902,-5.81326689208902
structural_econ_national_ridge1,2022,8927,ID,-35.72103182,-38.32683080667605,-2.6057989866760494
structural_econ_national_ridge1,2022,8928,IL,15.58439786,12.844594580171375,-2.7398032798286245
structural_econ_national_ridge1,2022,8929,IN,-21.5007215,-17.57122062519399,3.92950087480601
structural_econ_national_ridge1,2022,8931,KS,-23.66328613,-25.016127583651357,-1.352841453651358
structural_econ_national_ridge1,2022,8932,KY,-23.61980649,-25.8813806598693,-2.261574169869302
structural_econ_national_ridge1,2022,8935,MD,31.74305594,25.478661640736668,-6.2643942992633335
structural_econ_national_ridge1,2022,8936,MO,-13.58010754,-14.516750887555334,-0.936643347555334
structural_econ_national_ridge1,2022,8940,NC,-3.29925322,-6.164378820091257,-2.865125600091257
structural_econ_national_ridge1,2022,8941,ND,-38.61430713,-48.052335194572564,-9.438028064572563
structural_econ_national_ridge1,2022,8938,NH,9.25227052,0.5286754093736834,-8.723595110626317
structural_econ_national_ridge1,2022,8937,NV,0.80185779,-0.4559890561757822,-1.2578468461757821
structural_econ_national_ridge1,2022,8939,NY,14.07506933,27.178772397456086,13.103703067456086
structural_econ_national_ridge1,2022,8942,OH,-6.11445485,-17.561734695671973,-11.447279845671972
structural_econ_national_ridge1,2022,9482,OK,-27.35172468,-29.888923097692427,-2.5371984176924265
structural_econ_national_ridge1,2022,8943,OK,-33.40665086,-41.46843874574472,-8.061787885744721
structural_econ_national_ridge1,2022,8944,OR,15.4085284,15.608012093806423,0.19948369380642283
structural_econ_national_ridge1,2022,8945,PA,5.03509554,-4.041661338141351,-9.076756878141351
structural_econ_national_ridge1,2022,8946,SC,-25.89648678,-20.486214252326192,5.410272527673808
structural_econ_national_ridge1,2022,8947,SD,-45.39410722,-35.484029113328546,9.910078106671456
structural_econ_national_ridge1,2022,8949,VT,41.90937869,28.61529535196948,-13.294083338030518
structural_econ_national_ridge1,2022,8950,WA,14.55058598,15.604584141717485,1.0539981617174856
structural_econ_national_ridge1,2022,8951,WI,-1.00912053,-4.640657238745966,-3.6315367087459665
structural_econ_national_ridge4,2014,12,AK,-2.27049638,-17.51318687821321,-15.24269049821321
structural_econ_national_ridge4,2014,32,AR,-17.7916661,-17.344540633652958,0.44712546634704253
structural_econ_national_ridge4,2014,23,CO,-2.05840587,-1.8016854176205124,0.2567204523794877
structural_econ_national_ridge4,2014,24,DE,13.87148223,9.900845623620162,-3.9706366063798377
structural_econ_national_ridge4,2014,17,GA,-7.83187416,-14.55147515982901,-6.7196009998290105
structural_econ_national_ridge4,2014,34,HI,43.15741243,40.00331833452106,-3.154094095478939
structural_econ_national_ridge4,2014,26,IA,-8.6989644,7.419886174202651,16.11885057420265
structural_econ_national_ridge4,2014,27,ID,-30.65672393,-37.50528160848127,-6.848557678481271
structural_econ_national_ridge4,2014,4,IL,11.2773088,20.708419507270452,9.431110707270452
structural_econ_national_ridge4,2014,15,KY,-15.96057449,-22.53044349131004,-6.569869001310041
structural_econ_national_ridge4,2014,31,MA,23.92023801,8.726442787789367,-15.193795222210632
structural_econ_national_ridge4,2014,9,ME,-36.9768401,-10.555819791559962,26.421020308440035
structural_econ_national_ridge4,2014,2,MI,13.84702192,11.4870680771185,-2.359953842881499
structural_econ_national_ridge4,2014,6,MN,10.66379046,-4.339281722107655,-15.003072182107655
structural_econ_national_ridge4,2014,18,MS,-22.50161833,-25.43946612769502,-2.937847797695021
structural_econ_national_ridge4,2014,5,MT,-18.10618056,7.27132083720647,25.37750139720647
structural_econ_national_ridge4,2014,14,NC,-1.62832794,-5.535951408758137,-3.9076234687581373
structural_econ_national_ridge4,2014,1,NE,-34.28383256,-27.61305980953175,6.670772750468249
structural_econ_national_ridge4,2014,8,NH,3.25508549,-1.95504915847195,-5.21013464847195
structural_econ_national_ridge4,2014,10,NJ,13.76275568,5.2355934323067235,-8.527162247693276
structural_econ_national_ridge4,2014,3,NM,11.11762036,7.936974758344924,-3.180645601655076
structural_econ_national_ridge4,2014,29,OK,-40.86688127,-35.526737979377074,5.340143290622926
structural_econ_national_ridge4,2014,35,OK,-40.13951002,-48.59301601234399,-8.453505992343985
structural_econ_national_ridge4,2014,20,OR,20.37041963,-0.4820131169381501,-20.85243274693815
structural_econ_national_ridge4,2014,33,RI,41.40580796,27.91679463965727,-13.489013320342728
structural_econ_national_ridge4,2014,11,SC,-16.64029175,-21.863290425549636,-5.222998675549636
structural_econ_national_ridge4,2014,36,SC,-22.55076264,-32.5315751495894,-9.980812509589402
structural_econ_national_ridge4,2014,22,SD,-26.11370225,-4.846159474304994,21.267542775695006
structural_econ_national_ridge4,2014,28,TN,-32.00774884,-34.92287939530259,-2.9151305553025892
structural_econ_national_ridge4,2014,19,TX,-28.35091383,-23.462908404151133,4.888005425848867
structural_econ_national_ridge4,2014,16,VA,0.83240711,8.745061552844643,7.912654442844643
structural_econ_national_ridge4,2014,30,WV,-28.63206901,-7.2413769764512805,21.390692033548717
structural_econ_national_ridge4,2014,13,WY,-61.07227806,-54.1624972974417,6.909780762558299
structural_econ_national_ridge4,2018,96,AZ,2.40295749,5.766050348481624,3.363092858481624
structural_econ_national_ridge4,2018,98,CT,20.408577,24.760473438350576,4.351896438350575
structural_econ_national_ridge4,2018,99,DE,22.63900799,35.40401665936278,12.765008669362782
structural_econ_national_ridge4,2018,100,FL,-0.12251836,15.53991291606817,15.66243127606817
structural_econ_national_ridge4,2018,101,HI,42.30219569,43.820370612001,1.518174922001002
structural_econ_national_ridge4,2018,102,IN,-6.16290322,3.1890572625059903,9.35196048250599
structural_econ_national_ridge4,2018,105,MA,25.03887918,29.707944686296173,4.669065506296175
structural_econ_national_ridge4,2018,104,MD,36.30566322,42.212081618647694,5.906418398647695
structural_econ_national_ridge4,2018,103,ME,21.31277978,26.153750325914686,4.840970545914686
structural_econ_national_ridge4,2018,106,MI,6.63713831,21.573785198255802,14.936646888255801
structural_econ_national_ridge4,2018,107,MN,24.96346661,28.249358482861673,3.285891872861672
structural_econ_national_ridge4,2018,129,MN,11.1406198,20.36100609288946,9.220386292889462
structural_econ_national_ridge4,2018,109,MO,-5.99663325,8.344053810907413,14.340687060907413
structural_econ_national_ridge4,2018,108,MS,-19.41285628,-5.373862860139658,14.038993419860342
structural_econ_national_ridge4,2018,110,MT,3.65691584,0.8652464737122543,-2.7916693662877456
structural_econ_national_ridge4,2018,116,ND,-10.90541074,-8.421069727665204,2.484341012334797
structural_econ_national_ridge4,2018,111,NE,-19.79502814,-10.757405613401732,9.037622526598268
structural_econ_national_ridge4,2018,113,NJ,11.54441059,28.200303282761617,16.65589269276162
structural_econ_national_ridge4,2018,114,NM,27.83688334,19.03226898415027,-8.80461435584973
structural_econ_national_ridge4,2018,112,NV,5.24754825,12.028813732440312,6.781265482440312
structural_econ_national_ridge4,2018,115,NY,33.99933379,45.10580975512077,11.106475965120765
structural_econ_national_ridge4,2018,117,OH,6.84734254,10.747378346699538,3.900035806699538
structural_econ_national_ridge4,2018,118,PA,13.34586897,15.242177793407475,1.896308823407475
structural_econ_national_ridge4,2018,119,RI,23.15947411,35.13531499150519,11.975840881505189
structural_econ_national_ridge4,2018,120,TN,-10.93720415,-19.351049020014784,-8.413844870014785
structural_econ_national_ridge4,2018,121,TX,-2.5874815,-3.472849173458375,-0.8853676734583749
structural_econ_national_ridge4,2018,122,UT,-33.8789401,-24.73592816187314,9.143011938126861
structural_econ_national_ridge4,2018,124,VA,16.31990058,16.327385544057357,0.007484964057358212
structural_econ_national_ridge4,2018,123,VT,42.10799183,50.16199340734319,8.054001577343186
structural_econ_national_ridge4,2018,125,WA,16.86751985,28.92320542035065,12.05568557035065
structural_econ_national_ridge4,2018,127,WI,10.837125,13.94513346356442,3.1080084635644205
structural_econ_national_ridge4,2018,126,WV,3.45374032,-1.3196797557089202,-4.77342007570892
structural_econ_national_ridge4,2018,128,WY,-37.97819051,-41.07974058413679,-3.101550074136796
structural_econ_national_ridge4,2022,8917,AL,-36.65298426,-30.53848983950362,6.114494420496378
structural_econ_national_ridge4,2022,8920,AR,-35.78288014,-29.93380989562144,5.849070244378563
structural_econ_national_ridge4,2022,8919,AZ,4.99214759,3.130316249251381,-1.8618313407486191
structural_econ_national_ridge4,2022,9480,CA,21.78714896,10.257126933714263,-11.530022026285737
structural_econ_national_ridge4,2022,8921,CA,22.12901552,10.257126933714263,-11.871888586285737
structural_econ_national_ridge4,2022,8922,CO,15.04724639,7.670748806659325,-7.376497583340675
structural_econ_national_ridge4,2022,8923,CT,14.91664993,20.178798940040977,5.262149010040977
structural_econ_national_ridge4,2022,8924,FL,-16.58759499,-7.035180374358095,9.552414615641904
structural_econ_national_ridge4,2022,8925,GA,0.97741402,-10.083189374446466,-11.060603394446465
structural_econ_national_ridge4,2022,8926,HI,46.45313302,35.95238555466272,-10.500747465337284
structural_econ_national_ridge4,2022,8930,IA,-12.19684055,-17.9164194524421,-5.7195789024421
structural_econ_national_ridge4,2022,8927,ID,-35.72103182,-38.25098650645285,-2.5299546864528466
structural_econ_national_ridge4,2022,8928,IL,15.58439786,12.863812744764704,-2.720585115235295
structural_econ_national_ridge4,2022,8929,IN,-21.5007215,-17.53787168197607,3.9628498180239298
structural_econ_national_ridge4,2022,8931,KS,-23.66328613,-24.899729101013442,-1.2364429710134424
structural_econ_national_ridge4,2022,8932,KY,-23.61980649,-25.902829042061303,-2.283022552061304
structural_econ_national_ridge4,2022,8935,MD,31.74305594,25.52013857547549,-6.222917364524513
structural_econ_national_ridge4,2022,8936,MO,-13.58010754,-14.506577473794525,-0.9264699337945252
structural_econ_national_ridge4,2022,8940,NC,-3.29925322,-6.063360493056458,-2.764107273056458
structural_econ_national_ridge4,2022,8941,ND,-38.61430713,-47.86905688755346,-9.254749757553462
structural_econ_national_ridge4,2022,8938,NH,9.25227052,0.6366544730582677,-8.615616046941732
structural_econ_national_ridge4,2022,8937,NV,0.80185779,-0.3865315396683773,-1.1883893296683774
structural_econ_national_ridge4,2022,8939,NY,14.07506933,27.18382195409884,13.10875262409884
structural_econ_national_ridge4,2022,8942,OH,-6.11445485,-17.579083590600863,-11.464628740600862
structural_econ_national_ridge4,2022,9482,OK,-27.35172468,-29.872673868315964,-2.5209491883159636
structural_econ_national_ridge4,2022,8943,OK,-33.40665086,-41.36108199037619,-7.954431130376193
structural_econ_national_ridge4,2022,8944,OR,15.4085284,15.636368502310617,0.22784010231061735
structural_econ_national_ridge4,2022,8945,PA,5.03509554,-4.037347009091683,-9.072442549091683
structural_econ_national_ridge4,2022,8946,SC,-25.89648678,-20.45369604676625,5.44279073323375
structural_econ_national_ridge4,2022,8947,SD,-45.39410722,-35.31125976736754,10.082847452632464
structural_econ_national_ridge4,2022,8949,VT,41.90937869,28.67154556096637,-13.237833129033628
structural_econ_national_ridge4,2022,8950,WA,14.55058598,15.707496048449649,1.1569100684496494
structural_econ_national_ridge4,2022,8951,WI,-1.00912053,-4.602924024148534,-3.593803494148534
structural_econ_national_ridge16,2014,12,AK,-2.27049638,-16.266885711603482,-13.996389331603481
structural_econ_national_ridge16,2014,32,AR,-17.7916661,-16.28686898852435,1.50479711147565
structural_econ_national_ridge16,2014,23,CO,-2.05840587,0.16444711910406173,2.222852989104062
structural_econ_national_ridge16,2014,24,DE,13.87148223,11.173548449567024,-2.697933780432976
structural_econ_national_ridge16,2014,17,GA,-7.83187416,-13.084038322994848,-5.252164162994848
structural_econ_national_ridge16,2014,34,HI,43.15741243,41.093126264664335,-2.064286165335666
structural_econ_national_ridge16,2014,26,IA,-8.6989644,8.079036135187303,16.778000535187303
structural_econ_national_ridge16,2014,27,ID,-30.65672393,-35.98841959667174,-5.331695666671742
structural_econ_national_ridge16,2014,4,IL,11.2773088,21.65966523400123,10.382356434001231
structural_econ_national_ridge16,2014,15,KY,-15.96057449,-21.466946710584498,-5.506372220584497
structural_econ_national_ridge16,2014,31,MA,23.92023801,9.925840824329427,-13.994397185670572
structural_econ_national_ridge16,2014,9,ME,-36.9768401,-9.454383523201889,27.522456576798106
structural_econ_national_ridge16,2014,2,MI,13.84702192,12.439513914251158,-1.4075080057488414
structural_econ_national_ridge16,2014,6,MN,10.66379046,-3.135145862331958,-13.798936322331958
structural_econ_national_ridge16,2014,18,MS,-22.50161833,-24.501104880804633,-1.9994865508046331
structural_econ_national_ridge16,2014,5,MT,-18.10618056,8.101980609895634,26.208161169895632
structural_econ_national_ridge16,2014,14,NC,-1.62832794,-4.393811640458065,-2.7654837004580646
structural_econ_national_ridge16,2014,1,NE,-34.28383256,-26.485588231344497,7.798244328655503
structural_econ_national_ridge16,2014,8,NH,3.25508549,-0.9255659793540332,-4.180651469354033
structural_econ_national_ridge16,2014,10,NJ,13.76275568,6.4119159985754735,-7.350839681424526
structural_econ_national_ridge16,2014,3,NM,11.11762036,9.092023133185869,-2.0255972268141313
structural_econ_national_ridge16,2014,29,OK,-40.86688127,-33.86490320600288,7.001978063997122
structural_econ_national_ridge16,2014,35,OK,-40.13951002,-46.727359322392445,-6.587849302392442
structural_econ_national_ridge16,2014,20,OR,20.37041963,1.0279275296727848,-19.342492100327217
structural_econ_national_ridge16,2014,33,RI,41.40580796,28.825562581173674,-12.580245378826323
structural_econ_national_ridge16,2014,11,SC,-16.64029175,-20.366689663619944,-3.7263979136199445
structural_econ_national_ridge16,2014,36,SC,-22.55076264,-30.868559873682024,-8.317797233682025
structural_econ_national_ridge16,2014,22,SD,-26.11370225,-4.062929226396073,22.050773023603927
structural_econ_national_ridge16,2014,28,TN,-32.00774884,-33.683377050849366,-1.6756282108493679
structural_econ_national_ridge16,2014,19,TX,-28.35091383,-21.628000557797073,6.722913272202927
structural_econ_national_ridge16,2014,16,VA,0.83240711,9.556670140005028,8.724263030005028
structural_econ_national_ridge16,2014,30,WV,-28.63206901,-6.722693231442822,21.909375778557177
structural_econ_national_ridge16,2014,13,WY,-61.07227806,-52.505756743874336,8.566521316125666
structural_econ_national_ridge16,2018,96,AZ,2.40295749,4.140672763579101,1.7377152735791008
structural_econ_national_ridge16,2018,98,CT,20.408577,23.459089172505216,3.050512172505215
structural_econ_national_ridge16,2018,99,DE,22.63900799,33.78657679949778,11.14756880949778
structural_econ_national_ridge16,2018,100,FL,-0.12251836,13.777288431784095,13.899806791784096
structural_econ_national_ridge16,2018,101,HI,42.30219569,42.9191613378603,0.6169656478603045
structural_econ_national_ridge16,2018,102,IN,-6.16290322,1.5038393322816503,7.66674255228165
structural_econ_national_ridge16,2018,105,MA,25.03887918,28.41786619209815,3.3789870120981504
structural_econ_national_ridge16,2018,104,MD,36.30566322,40.9911645429213,4.685501322921297
structural_econ_national_ridge16,2018,103,ME,21.31277978,24.67462934616853,3.36184956616853
structural_econ_national_ridge16,2018,106,MI,6.63713831,20.109164951958896,13.472026641958895
structural_econ_national_ridge16,2018,107,MN,24.96346661,26.73057929996139,1.7671126899613903
structural_econ_national_ridge16,2018,129,MN,11.1406198,18.777761548389602,7.6371417483896025
structural_econ_national_ridge16,2018,109,MO,-5.99663325,6.7728963176962,12.7695295676962
structural_econ_national_ridge16,2018,108,MS,-19.41285628,-6.537596660205196,12.875259619794804
structural_econ_national_ridge16,2018,110,MT,3.65691584,-0.7950885859171493,-4.452004425917149
structural_econ_national_ridge16,2018,116,ND,-10.90541074,-10.191675695236889,0.7137350447631121
structural_econ_national_ridge16,2018,111,NE,-19.79502814,-12.292507388396345,7.5025207516036545
structural_econ_national_ridge16,2018,113,NJ,11.54441059,26.826051537157547,15.281640947157547
structural_econ_national_ridge16,2018,114,NM,27.83688334,17.785089214144143,-10.051794125855857
structural_econ_national_ridge16,2018,112,NV,5.24754825,10.409908683191464,5.162360433191464
structural_econ_national_ridge16,2018,115,NY,33.99933379,43.710955978506746,9.711622188506745
structural_econ_national_ridge16,2018,117,OH,6.84734254,9.368161203348631,2.5208186633486314
structural_econ_national_ridge16,2018,118,PA,13.34586897,13.735028964443686,0.3891599944436859
structural_econ_national_ridge16,2018,119,RI,23.15947411,33.695897590674335,10.536423480674333
structural_econ_national_ridge16,2018,120,TN,-10.93720415,-20.833209516546745,-9.896005366546746
structural_econ_national_ridge16,2018,121,TX,-2.5874815,-5.182873472968593,-2.595391972968593
structural_econ_national_ridge16,2018,122,UT,-33.8789401,-26.575621395172668,7.303318704827333
structural_econ_national_ridge16,2018,124,VA,16.31990058,15.049513714914422,-1.2703868650855767
structural_econ_national_ridge16,2018,123,VT,42.10799183,48.94541320486252,6.837421374862515
structural_econ_national_ridge16,2018,125,WA,16.86751985,27.316358717154067,10.448838867154066
structural_econ_national_ridge16,2018,127,WI,10.837125,12.43190963117767,1.594784631177669
structural_econ_national_ridge16,2018,126,WV,3.45374032,-3.1514208998386053,-6.605161219838605
structural_econ_national_ridge16,2018,128,WY,-37.97819051,-42.639300565993466,-4.661110055993468
structural_econ_national_ridge16,2022,8917,AL,-36.65298426,-30.580037488666544,6.072946771333452
structural_econ_national_ridge16,2022,8920,AR,-35.78288014,-29.939028654705023,5.84385148529498
structural_econ_national_ridge16,2022,8919,AZ,4.99214759,3.1300920849407,-1.8620555050593
structural_econ_national_ridge16,2022,9480,CA,21.78714896,10.848464159129179,-10.93868480087082
structural_econ_national_ridge16,2022,8921,CA,22.12901552,10.848464159129179,-11.28055136087082
structural_econ_national_ridge16,2022,8922,CO,15.04724639,8.40192075799725,-6.64532563200275
structural_econ_national_ridge16,2022,8923,CT,14.91664993,20.645850303112933,5.729200373112933
structural_econ_national_ridge16,2022,8924,FL,-16.58759499,-6.637259146841169,9.95033584315883
structural_econ_national_ridge16,2022,8925,GA,0.97741402,-9.974750845559637,-10.952164865559636
structural_econ_national_ridge16,2022,8926,HI,46.45313302,35.99437852636303,-10.458754493636974
structural_econ_national_ridge16,2022,8930,IA,-12.19684055,-17.582690693149935,-5.385850143149936
structural_econ_national_ridge16,2022,8927,ID,-35.72103182,-37.980819281088515,-2.2597874610885142
structural_econ_national_ridge16,2022,8928,IL,15.58439786,12.932270337352346,-2.6521275226476533
structural_econ_national_ridge16,2022,8929,IN,-21.5007215,-17.41907842484929,4.081643075150712
structural_econ_national_ridge16,2022,8931,KS,-23.66328613,-24.48510262284227,-0.8218164928422702
structural_econ_national_ridge16,2022,8932,KY,-23.61980649,-25.979230958729012,-2.3594244687290136
structural_econ_national_ridge16,2022,8935,MD,31.74305594,25.667884791631863,-6.075171148368138
structural_econ_national_ridge16,2022,8936,MO,-13.58010754,-14.470338455698897,-0.890230915698897
structural_econ_national_ridge16,2022,8940,NC,-3.29925322,-5.703520122117267,-2.4042669021172665
structural_econ_national_ridge16,2022,8941,ND,-38.61430713,-47.21619580859166,-8.601888678591656
structural_econ_national_ridge16,2022,8938,NH,9.25227052,1.0212898899222158,-8.230980630077784
structural_econ_national_ridge16,2022,8937,NV,0.80185779,-0.13911486550459262,-0.9409726555045926
structural_econ_national_ridge16,2022,8939,NY,14.07506933,27.20180912918621,13.12673979918621
structural_econ_national_ridge16,2022,8942,OH,-6.11445485,-17.640882602422273,-11.526427752422272
structural_econ_national_ridge16,2022,9482,OK,-27.35172468,-29.81479200768783,-2.463067327687831
structural_econ_national_ridge16,2022,8943,OK,-33.40665086,-40.97866331637338,-7.572012456373379
structural_econ_national_ridge16,2022,8944,OR,15.4085284,15.737377703850246,0.32884930385024624
structural_econ_national_ridge16,2022,8945,PA,5.03509554,-4.021978809962346,-9.057074349962345
structural_econ_national_ridge16,2022,8946,SC,-25.89648678,-20.337861984824883,5.558624795175117
structural_econ_national_ridge16,2022,8947,SD,-45.39410722,-34.69583296945479,10.69827425054521
structural_econ_national_ridge16,2022,8949,VT,41.90937869,28.871916094363524,-13.037462595636473
structural_econ_national_ridge16,2022,8950,WA,14.55058598,16.074081595642568,1.5234956156425685
structural_econ_national_ridge16,2022,8951,WI,-1.00912053,-4.468513424250267,-3.459392894250267
structural_econ_national_ridge64,2014,12,AK,-2.27049638,-13.723364438688796,-11.452868058688797
structural_econ_national_ridge64,2014,32,AR,-17.7916661,-14.128388490816826,3.663277609183174
structural_econ_national_ridge64,2014,23,CO,-2.05840587,4.177040596916799,6.2354464669168
structural_econ_national_ridge64,2014,24,DE,13.87148223,13.77097673378806,-0.10050549621193916
structural_econ_national_ridge64,2014,17,GA,-7.83187416,-10.089210980178851,-2.2573368201788515
structural_econ_national_ridge64,2014,34,HI,43.15741243,43.31729239472292,0.15987996472291854
structural_econ_national_ridge64,2014,26,IA,-8.6989644,9.424266319289629,18.12323071928963
structural_econ_national_ridge64,2014,27,ID,-30.65672393,-32.89272258660719,-2.235998656607194
structural_econ_national_ridge64,2014,4,IL,11.2773088,23.601020828083385,12.323712028083385
structural_econ_national_ridge64,2014,15,KY,-15.96057449,-19.296502874115895,-3.3359283841158938
structural_econ_national_ridge64,2014,31,MA,23.92023801,12.37370212355214,-11.546535886447858
structural_econ_national_ridge64,2014,9,ME,-36.9768401,-7.20651065395848,29.770329446041515
structural_econ_national_ridge64,2014,2,MI,13.84702192,14.38331876090469,0.53629684090469
structural_econ_national_ridge64,2014,6,MN,10.66379046,-0.6776779108653619,-11.34146837086536
structural_econ_national_ridge64,2014,18,MS,-22.50161833,-22.586044655323978,-0.08442632532397809
structural_econ_national_ridge64,2014,5,MT,-18.10618056,9.79723763042529,27.90341819042529
structural_econ_national_ridge64,2014,14,NC,-1.62832794,-2.0628687872024614,-0.43454084720246144
structural_econ_national_ridge64,2014,1,NE,-34.28383256,-24.184581042586906,10.099251517413094
structural_econ_national_ridge64,2014,8,NH,3.25508549,1.1754609925754496,-2.0796244974245504
structural_econ_national_ridge64,2014,10,NJ,13.76275568,8.812683584745479,-4.950072095254521
structural_econ_national_ridge64,2014,3,NM,11.11762036,11.44931059416554,0.33169023416554033
structural_econ_national_ridge64,2014,29,OK,-40.86688127,-30.47333765877248,10.393543611227521
structural_econ_national_ridge64,2014,35,OK,-40.13951002,-42.91979755891329,-2.780287538913285
structural_econ_national_ridge64,2014,20,OR,20.37041963,4.109499029714589,-16.260920600285413
structural_econ_national_ridge64,2014,33,RI,41.40580796,30.68022713041554,-10.725580829584459
structural_econ_national_ridge64,2014,11,SC,-16.64029175,-17.31234294790314,-0.6720511979031407
structural_econ_national_ridge64,2014,36,SC,-22.55076264,-27.474560065534256,-4.923797425534257
structural_econ_national_ridge64,2014,22,SD,-26.11370225,-2.464469038345503,23.649233211654497
structural_econ_national_ridge64,2014,28,TN,-32.00774884,-31.153731195248888,0.8540176447511101
structural_econ_national_ridge64,2014,19,TX,-28.35091383,-17.883217782911768,10.467696047088232
structural_econ_national_ridge64,2014,16,VA,0.83240711,11.213046433335666,10.380639323335666
structural_econ_national_ridge64,2014,30,WV,-28.63206901,-5.664134373688603,22.967934636311394
structural_econ_national_ridge64,2014,13,WY,-61.07227806,-49.12458776594416,11.947690294055839
structural_econ_national_ridge64,2018,96,AZ,2.40295749,0.19724276793101048,-2.2057147220689894
structural_econ_national_ridge64,2018,98,CT,20.408577,20.301719588066973,-0.10685741193302789
structural_econ_national_ridge64,2018,99,DE,22.63900799,29.86240501394255,7.22339702394255
structural_econ_national_ridge64,2018,100,FL,-0.12251836,9.500875168212232,9.623393528212233
structural_econ_national_ridge64,2018,101,HI,42.30219569,40.73268127500431,-1.5695144149956874
structural_econ_national_ridge64,2018,102,IN,-6.16290322,-2.584773059680934,3.5781301603190654
structural_econ_national_ridge64,2018,105,MA,25.03887918,25.287926245826583,0.2490470658265842
structural_econ_national_ridge64,2018,104,MD,36.30566322,38.02902143024452,1.7233582102445197
structural_econ_national_ridge64,2018,103,ME,21.31277978,21.08604162790423,-0.22673815209576986
structural_econ_national_ridge64,2018,106,MI,6.63713831,16.555758368080724,9.918620058080723
structural_econ_national_ridge64,2018,107,MN,24.96346661,23.04577434002713,-1.9176922699728713
structural_econ_national_ridge64,2018,129,MN,11.1406198,14.936553151510328,3.795933351510328
structural_econ_national_ridge64,2018,109,MO,-5.99663325,2.961013070279611,8.957646320279611
structural_econ_national_ridge64,2018,108,MS,-19.41285628,-9.361003859095051,10.051852420904948
structural_econ_national_ridge64,2018,110,MT,3.65691584,-4.823331092633802,-8.480246932633802
structural_econ_national_ridge64,2018,116,ND,-10.90541074,-14.487453333523032,-3.582042593523031
structural_econ_national_ridge64,2018,111,NE,-19.79502814,-16.01691360767461,3.7781145323253895
structural_econ_national_ridge64,2018,113,NJ,11.54441059,23.491893612547244,11.947483022547244
structural_econ_national_ridge64,2018,114,NM,27.83688334,14.759228539867344,-13.077654800132656
structural_econ_national_ridge64,2018,112,NV,5.24754825,6.482182110232191,1.234633860232191
structural_econ_national_ridge64,2018,115,NY,33.99933379,40.32681418072722,6.327480390727217
structural_econ_national_ridge64,2018,117,OH,6.84734254,6.02195641738306,-0.8253861226169397
structural_econ_national_ridge64,2018,118,PA,13.34586897,10.078441132024375,-3.2674278379756245
structural_econ_national_ridge64,2018,119,RI,23.15947411,30.203637203046007,7.044163093046006
structural_econ_national_ridge64,2018,120,TN,-10.93720415,-24.429171596176026,-13.491967446176027
structural_econ_national_ridge64,2018,121,TX,-2.5874815,-9.331670145576911,-6.744188645576911
structural_econ_national_ridge64,2018,122,UT,-33.8789401,-31.039015960454176,2.8399241395458255
structural_econ_national_ridge64,2018,124,VA,16.31990058,11.949189120529145,-4.370711459470854
structural_econ_national_ridge64,2018,123,VT,42.10799183,45.99379205102375,3.88580022102375
structural_econ_national_ridge64,2018,125,WA,16.86751985,23.4178876500921,6.550367800092101
structural_econ_national_ridge64,2018,127,WI,10.837125,8.760582853823784,-2.076542146176216
structural_econ_national_ridge64,2018,126,WV,3.45374032,-7.595522405309442,-11.049262725309442
structural_econ_national_ridge64,2018,128,WY,-37.97819051,-46.42304636733291,-8.44485585733291
structural_econ_national_ridge64,2022,8917,AL,-36.65298426,-30.692336251125543,5.960648008874454
structural_econ_national_ridge64,2022,8920,AR,-35.78288014,-29.95313439109357,5.829745748906433
structural_econ_national_ridge64,2022,8919,AZ,4.99214759,3.1294861932673856,-1.8626613967326144
structural_econ_national_ridge64,2022,9480,CA,21.78714896,12.446784159128514,-9.340364800871486
structural_econ_national_ridge64,2022,8921,CA,22.12901552,12.446784159128514,-9.682231360871485
structural_econ_national_ridge64,2022,8922,CO,15.04724639,10.378198764919656,-4.669047625080344
structural_econ_national_ridge64,2022,8923,CT,14.91664993,21.908239177923086,6.991589247923086
structural_econ_national_ridge64,2022,8924,FL,-16.58759499,-5.561721485706474,11.025873504293525
structural_econ_national_ridge64,2022,8925,GA,0.97741402,-9.681653333613319,-10.659067353613318
structural_econ_national_ridge64,2022,8926,HI,46.45313302,36.10788094705186,-10.345252072948142
structural_econ_national_ridge64,2022,8930,IA,-12.19684055,-16.68065826964166,-4.483817719641662
structural_econ_national_ridge64,2022,8927,ID,-35.72103182,-37.25058674864273,-1.5295549286427317
structural_econ_national_ridge64,2022,8928,IL,15.58439786,13.117303740767577,-2.4670941192324225
structural_econ_national_ridge64,2022,8929,IN,-21.5007215,-17.097993212265887,4.402728287734114
structural_econ_national_ridge64,2022,8931,KS,-23.66328613,-23.364412491884703,0.2988736381152961
structural_econ_national_ridge64,2022,8932,KY,-23.61980649,-26.185737003334236,-2.565930513334237
structural_econ_national_ridge64,2022,8935,MD,31.74305594,26.067226693439743,-5.675829246560259
structural_econ_national_ridge64,2022,8936,MO,-13.58010754,-14.372388343794553,-0.7922808037945526
structural_econ_national_ridge64,2022,8940,NC,-3.29925322,-4.730910861342613,-1.4316576413426128
structural_econ_national_ridge64,2022,8941,ND,-38.61430713,-45.45158354526977,-6.83727641526977
structural_econ_national_ridge64,2022,8938,NH,9.25227052,2.060917454465299,-7.191353065534701
structural_econ_national_ridge64,2022,8937,NV,0.80185779,0.5296254093391844,-0.27223238066081556
structural_econ_national_ridge64,2022,8939,NY,14.07506933,27.250426500882124,13.175357170882124
structural_econ_national_ridge64,2022,8942,OH,-6.11445485,-17.80791858853837,-11.69346373853837
structural_econ_national_ridge64,2022,9482,OK,-27.35172468,-29.65834365385001,-2.3066189738500107
structural_econ_national_ridge64,2022,8943,OK,-33.40665086,-39.94502736591695,-6.5383765059169505
structural_econ_national_ridge64,2022,8944,OR,15.4085284,16.010394554584575,0.6018661545845756
structural_econ_national_ridge64,2022,8945,PA,5.03509554,-3.9804402445267426,-9.015535784526744
structural_econ_national_ridge64,2022,8946,SC,-25.89648678,-20.02477515395241,5.871711626047588
structural_econ_national_ridge64,2022,8947,SD,-45.39410722,-33.03240148338625,12.36170573661375
structural_econ_national_ridge64,2022,8949,VT,41.90937869,29.413495783879117,-12.49588290612088
structural_econ_national_ridge64,2022,8950,WA,14.55058598,17.064922331870626,2.514336351870627
structural_econ_national_ridge64,2022,8951,WI,-1.00912053,-4.105216238150415,-3.0960957081504157
